tick,action,target_r,target_c,agent_r,agent_c,reason,chosen_cost,runner_up,margin,entropy,peak_r,peak_c,peak_belief,peak_evidence_ratio,case,agent,policy,seed,committed,findable,attribution,true_r,true_c,shadow_peak_r,shadow_peak_c
0,search,6,4,11,3,"following the evidence: peak (6, 4) at 0.105, traceability 21.19",-33.4146,search,3.6832,0.595,6,4,0.105401,21.1856,0,belief,A_uniform,7279928,1,1,21.1856,7,4,6,4
1,search,6,4,10,3,"following the evidence: peak (6, 4) at 0.109, traceability 16.61",-33.517,search,7.8069,0.5991,6,4,0.109202,16.6079,0,belief,A_uniform,7279928,1,1,18.1372,8,4,6,4
2,call_reinforcements,6,4,10,2,"following the evidence: peak (6, 4) at 0.303, traceability 125.19",-12.1446,hold_position,13.1446,0.4207,6,4,0.303006,125.191,0,belief,A_uniform,7279928,1,1,36.1974,8,3,6,4
3,hold_position,,,10,2,"too little to go on to commit: uncertainty 0.41, peak traceability 151.66",1.0,retreat,0.35,0.4132,6,4,0.249366,151.6585,0,belief,A_uniform,7279928,0,1,,8,2,6,4
4,hold_position,,,10,2,"too little to go on to commit: uncertainty 0.43, peak traceability 146.79",1.0,retreat,0.35,0.4301,6,4,0.205443,146.7921,0,belief,A_uniform,7279928,0,1,,9,2,6,4
0,search,5,4,2,3,"following the evidence: peak (7, 6) at 0.064, traceability 12.91",-17.0734,search,0.4701,0.8546,7,6,0.064244,12.913,1,belief,A_uniform,972299651,1,0,2.8743,6,6,7,6
1,call_reinforcements,7,6,3,3,"following the evidence: peak (7, 6) at 0.276, traceability 86.78",-9.9143,hold_position,10.9143,0.4737,7,6,0.275658,86.7804,1,belief,A_uniform,972299651,1,1,34.8511,6,5,7,6
2,hold_position,,,3,3,"too little to go on to commit: uncertainty 0.70, peak traceability 69.74",1.025,retreat,0.35,0.6952,7,6,0.132456,69.7392,1,belief,A_uniform,972299651,0,1,,6,4,7,5
3,hold_position,,,3,3,"too little to go on to commit: uncertainty 0.43, peak traceability 246.47",1.0,retreat,0.35,0.4284,7,6,0.277209,246.4739,1,belief,A_uniform,972299651,0,1,,5,4,7,5
4,hold_position,,,3,3,"too little to go on to commit: uncertainty 0.42, peak traceability 333.32",1.0,retreat,0.35,0.4243,7,6,0.222164,333.3205,1,belief,A_uniform,972299651,0,1,,4,4,7,5
5,hold_position,,,3,3,"too little to go on to commit: uncertainty 0.44, peak traceability 510.76",1.0,retreat,0.35,0.4402,7,5,0.244592,510.7636,1,belief,A_uniform,972299651,0,1,,4,5,7,5
6,hold_position,,,3,3,"too little to go on to commit: uncertainty 0.46, peak traceability 583.75",1.0,retreat,0.35,0.4594,7,5,0.246873,583.7528,1,belief,A_uniform,972299651,0,1,,4,6,7,5
7,hold_position,,,3,3,"too little to go on to commit: uncertainty 0.53, peak traceability 518.70",1.025,retreat,0.35,0.5348,7,5,0.197991,518.6981,1,belief,A_uniform,972299651,0,1,,4,7,7,5
8,hold_position,,,3,3,"too little to go on to commit: uncertainty 0.46, peak traceability 2279.76",1.0,retreat,0.35,0.4611,7,6,0.205083,2279.756,1,belief,A_uniform,972299651,0,1,,4,6,7,5
9,hold_position,,,3,3,"too little to go on to commit: uncertainty 0.48, peak traceability 638.94",1.0,retreat,0.35,0.4768,7,5,0.208334,638.9448,1,belief,A_uniform,972299651,0,1,,4,7,7,5
10,hold_position,,,3,3,"too little to go on to commit: uncertainty 0.50, peak traceability 696.17",1.0,retreat,0.35,0.4971,7,5,0.213383,696.1708,1,belief,A_uniform,972299651,0,1,,4,8,7,5
11,hold_position,,,3,3,"too little to go on to commit: uncertainty 0.56, peak traceability 598.02",1.025,retreat,0.35,0.5645,7,5,0.173702,598.021,1,belief,A_uniform,972299651,0,0,,5,8,7,5
12,search,7,6,3,3,"following the evidence: peak (7, 6) at 0.106, traceability 5326.71",-4.9434,search,1.9347,0.5619,7,6,0.106057,5326.7127,1,belief,A_uniform,972299651,1,0,7.061,6,8,7,5
13,search,7,4,4,3,"following the evidence: peak (7, 4) at 0.134, traceability 64.76",-13.6875,search,11.4464,0.5263,7,4,0.134153,64.7621,1,belief,A_uniform,972299651,1,0,4.4704,7,8,7,5
14,search,6,6,4,4,"following the evidence: peak (6, 6) at 0.217, traceability 27281.55",-5.0437,hold_position,6.1437,0.504,6,6,0.217164,27281.5525,1,belief,A_uniform,972299651,1,0,7.7897,8,8,7,5
15,search,6,6,5,4,"following the evidence: peak (6, 6) at 0.315, traceability 55434.81",-13.9774,hold_position,15.1024,0.4744,6,6,0.314658,55434.8115,1,belief,A_uniform,972299651,1,0,7.7967,9,8,7,5
16,hold_position,,,6,4,"too little to go on to commit: uncertainty 0.63, peak traceability 181155.83",1.15,retreat,0.35,0.6257,6,6,0.147766,181155.8302,1,belief,A_uniform,972299651,0,0,,10,8,7,5
17,search,4,8,6,4,"following the evidence: peak (4, 8) at 0.065, traceability 30.96",-11.6192,search,4.8474,0.6677,4,8,0.065381,30.9597,1,belief,A_uniform,972299651,1,1,1.0236,10,9,7,5
18,search,4,8,5,4,"following the evidence: peak (4, 8) at 0.074, traceability 31.63",-15.8107,search,9.7133,0.6395,4,8,0.073912,31.6345,1,belief,A_uniform,972299651,1,0,1.0324,10,10,7,5
19,search,3,9,4,4,"following the evidence: peak (3, 9) at 0.072, traceability 21.38",-24.1073,search,14.3735,0.6273,3,9,0.072171,21.3792,1,belief,A_uniform,972299651,1,0,0.2233,10,11,7,5
20,search,2,8,4,5,"following the evidence: peak (2, 8) at 0.079, traceability 18.62",-23.2883,search,16.2522,0.6326,2,8,0.079359,18.623,1,belief,A_uniform,972299651,1,0,0.1811,10,12,7,5
21,search,2,8,4,6,"following the evidence: peak (2, 8) at 0.088, traceability 22.70",-25.0633,search,22.7705,0.6338,2,8,0.087515,22.7029,1,belief,A_uniform,972299651,1,0,0.1953,10,13,7,5
22,search,2,8,4,7,"following the evidence: peak (2, 8) at 0.113, traceability 35.92",-16.9786,hold_position,18.2786,0.6385,2,8,0.112692,35.9246,1,belief,A_uniform,972299651,1,0,0.2089,10,14,7,5
23,hold_position,,,4,8,"too little to go on to commit: uncertainty 0.67, peak traceability 1472781.44",1.325,retreat,0.35,0.6679,7,6,0.102133,1472781.4391,1,belief,A_uniform,972299651,0,0,,10,15,7,5
24,flank,4,7,4,8,"following the evidence: peak (7, 6) at 0.129, traceability 1485249.34",0.6399,hold_position,0.7101,0.6002,7,6,0.129332,1485249.3376,1,belief,A_uniform,972299651,1,0,2.8235,10,14,7,5
25,flank,4,7,4,7,"acting on weakly supported belief: traceability 138.66, 1% unaccounted for",0.0433,hold_position,1.3317,0.5897,7,6,0.124454,949163.0484,1,belief,A_uniform,972299651,1,0,2.8033,10,15,7,5
26,flank,4,7,4,7,"acting on weakly supported belief: traceability 132.15, 1% unaccounted for",0.0454,hold_position,1.3546,0.5894,7,6,0.118248,512762.2893,1,belief,A_uniform,972299651,1,0,2.7836,10,16,7,5
27,flank,4,7,4,7,"acting on weakly supported belief: traceability 120.62, 1% unaccounted for",0.0497,hold_position,1.3753,0.5907,7,6,0.11267,265377.2706,1,belief,A_uniform,972299651,1,0,2.7644,9,16,7,5
28,flank,4,7,4,7,"acting on weakly supported belief: traceability 108.13, 1% unaccounted for",0.0555,hold_position,1.3945,0.5921,7,5,0.109045,25887.9542,1,belief,A_uniform,972299651,1,0,2.7457,8,16,7,5
29,flank,4,7,4,7,"acting on weakly supported belief: traceability 100.78, 1% unaccounted for",0.0595,hold_position,1.4155,0.5933,7,5,0.107628,16744.8079,1,belief,A_uniform,972299651,1,0,2.7277,7,16,7,5
30,flank,4,7,4,7,"acting on weakly supported belief: traceability 96.23, 1% unaccounted for",0.0624,hold_position,1.4376,0.5946,7,5,0.106119,11425.4542,1,belief,A_uniform,972299651,1,0,2.7104,6,16,7,5
31,flank,4,7,4,7,"acting on weakly supported belief: traceability 92.49, 1% unaccounted for",0.0649,hold_position,1.4601,0.5958,7,5,0.104579,8146.7809,1,belief,A_uniform,972299651,1,0,2.6937,6,17,7,5
32,flank,4,7,4,7,"acting on weakly supported belief: traceability 88.35, 1% unaccounted for",0.0679,hold_position,1.4821,0.5971,7,5,0.103046,6024.3315,1,belief,A_uniform,972299651,1,0,2.6777,6,18,7,5
33,flank,4,7,4,7,"acting on weakly supported belief: traceability 82.62, 1% unaccounted for",0.0726,hold_position,1.5024,0.5984,7,5,0.101539,4592.0923,1,belief,A_uniform,972299651,1,0,2.6624,6,19,7,5
34,flank,4,7,4,7,"acting on weakly supported belief: traceability 74.62, 1% unaccounted for",0.0804,hold_position,1.5196,0.5998,7,5,0.100072,3590.8813,1,belief,A_uniform,972299651,1,0,2.6477,6,20,7,5
35,flank,4,7,4,7,"acting on weakly supported belief: traceability 64.71, 2% unaccounted for",0.0927,hold_position,1.5323,0.6012,7,5,0.09865,2869.5298,1,belief,A_uniform,972299651,1,0,2.6338,6,21,7,5
36,flank,4,7,4,7,"acting on weakly supported belief: traceability 54.19, 2% unaccounted for",0.1107,hold_position,1.5393,0.6027,7,5,0.097276,2336.1216,1,belief,A_uniform,972299651,1,0,2.6204,6,22,3,3
37,flank,4,7,4,7,"acting on weakly supported belief: traceability 44.45, 2% unaccounted for",0.135,hold_position,1.54,0.6042,7,5,0.095951,1932.6929,1,belief,A_uniform,972299651,1,0,2.6077,6,21,3,3
38,flank,4,7,4,7,"acting on weakly supported belief: traceability 36.27, 3% unaccounted for",0.1654,hold_position,1.5346,0.6057,7,5,0.094674,1621.5,1,belief,A_uniform,972299651,1,0,2.5956,6,20,3,3
39,flank,4,7,4,7,"acting on weakly supported belief: traceability 29.78, 3% unaccounted for",0.2015,hold_position,1.5235,0.6072,7,5,0.093444,1377.2606,1,belief,A_uniform,972299651,1,0,2.5841,6,19,3,2
40,flank,4,7,4,7,"acting on weakly supported belief: traceability 24.81, 4% unaccounted for",0.2419,hold_position,1.5081,0.6088,7,5,0.092258,1182.6084,1,belief,A_uniform,972299651,1,0,2.5731,6,18,3,2
41,flank,4,7,4,7,"acting on weakly supported belief: traceability 21.03, 5% unaccounted for",0.2853,search,0.3053,0.6103,7,5,0.091115,1025.3446,1,belief,A_uniform,972299651,1,0,2.5626,6,17,3,2
42,search,7,5,4,7,"following the evidence: peak (7, 5) at 0.090, traceability 896.73",-5.0591,search,2.7923,0.6118,7,5,0.090013,896.7268,1,belief,A_uniform,972299651,1,0,4.6641,6,16,3,2
43,search,7,5,4,6,"following the evidence: peak (7, 5) at 0.090, traceability 801.91",-26.5322,search,13.8733,0.6111,7,5,0.090089,801.9112,1,belief,A_uniform,972299651,1,0,4.6207,6,15,3,2
44,search,7,5,4,5,"following the evidence: peak (7, 5) at 0.105, traceability 834.75",-30.3251,search,14.1323,0.6069,7,5,0.104575,834.7492,1,belief,A_uniform,972299651,1,0,4.5786,5,15,3,2
45,search,7,6,4,4,"following the evidence: peak (7, 6) at 0.139, traceability 3320.72",-11.2794,search,12.3567,0.6529,7,6,0.139388,3320.7166,1,belief,A_uniform,972299651,1,0,4.7921,4,15,3,2
46,search,6,6,5,4,"following the evidence: peak (6, 6) at 0.126, traceability 7473.09",-5.4049,hold_position,7.3049,0.6995,6,6,0.125957,7473.0864,1,belief,A_uniform,972299651,1,0,4.7443,4,16,3,2
47,search,11,2,6,4,"following the evidence: peak (11, 2) at 0.044, traceability 6.32",-2.2162,hold_position,4.1412,0.7955,11,2,0.04365,6.3157,1,belief,A_uniform,972299651,1,0,0.2511,4,17,3,2
48,search,11,2,7,4,"following the evidence: peak (11, 2) at 0.051, traceability 7.46",-9.2782,hold_position,11.2282,0.7786,11,2,0.050523,7.4629,1,belief,A_uniform,972299651,1,0,0.2644,3,17,3,2
49,search,11,2,8,4,"following the evidence: peak (11, 2) at 0.049, traceability 7.34",-10.0892,hold_position,12.0642,0.7688,11,2,0.048549,7.3393,1,belief,A_uniform,972299651,1,0,0.2776,2,17,3,2
50,search,11,2,8,3,"following the evidence: peak (11, 2) at 0.043, traceability 7.17",-9.3567,hold_position,11.3567,0.7706,11,2,0.043104,7.1651,1,belief,A_uniform,972299651,1,0,0.2908,1,17,2,2
51,hold_position,,,8,2,"too little to go on to commit: uncertainty 0.77, peak traceability 8.95",2.025,retreat,0.35,0.7743,1,14,0.039898,8.9543,1,belief,A_uniform,972299651,0,0,,2,17,2,2
52,search,10,15,8,2,"following the evidence: peak (1, 14) at 0.041, traceability 9.37",1.6419,hold_position,0.4081,0.7643,1,14,0.041314,9.3669,1,belief,A_uniform,972299651,1,0,0.0016,3,17,2,2
53,search,10,15,7,2,"following the evidence: peak (1, 14) at 0.041, traceability 9.44",0.9395,hold_position,1.1355,0.7651,1,14,0.040882,9.4354,1,belief,A_uniform,972299651,1,0,0.0018,4,17,2,2
54,search,10,15,6,2,"following the evidence: peak (1, 14) at 0.040, traceability 9.45",0.3741,hold_position,1.7259,0.7686,1,14,0.04021,9.451,1,belief,A_uniform,972299651,1,0,0.002,4,16,2,2
55,search,10,15,6,3,"following the evidence: peak (1, 14) at 0.040, traceability 9.46",-0.1739,hold_position,2.2989,0.7723,1,14,0.039538,9.4603,1,belief,A_uniform,972299651,1,0,0.0022,4,15,2,2
56,search,10,15,6,4,"following the evidence: peak (1, 14) at 0.039, traceability 9.46",-0.7012,hold_position,2.8512,0.7762,1,14,0.038858,9.4623,1,belief,A_uniform,972299651,1,0,0.0024,5,15,2,2
57,search,10,15,5,4,"following the evidence: peak (1, 14) at 0.038, traceability 9.47",-1.2539,hold_position,3.4289,0.7792,1,14,0.038259,9.4724,1,belief,A_uniform,972299651,1,0,0.0027,4,15,2,2
58,search,10,15,4,4,"following the evidence: peak (1, 14) at 0.038, traceability 9.55",-1.9647,hold_position,4.1647,0.7786,1,14,0.037981,9.5542,1,belief,A_uniform,972299651,1,0,0.0029,5,15,2,2
59,search,10,15,4,5,"following the evidence: peak (1, 14) at 0.038, traceability 9.63",-2.6569,hold_position,4.8819,0.7785,1,14,0.037689,9.6283,1,belief,A_uniform,972299651,1,0,0.0032,6,15,2,2
60,search,10,15,4,6,"following the evidence: peak (1, 14) at 0.038, traceability 9.89",-3.7814,hold_position,6.0314,0.7748,1,14,0.038225,9.8923,1,belief,A_uniform,972299651,1,0,0.0035,6,16,2,2
61,search,10,15,4,7,"following the evidence: peak (1, 14) at 0.042, traceability 10.88",-6.3152,search,7.5953,0.763,1,14,0.04184,10.8798,1,belief,A_uniform,972299651,1,0,0.0038,7,16,2,2
62,search,10,15,4,8,"following the evidence: peak (1, 14) at 0.053, traceability 13.58",-5.6889,search,5.2341,0.7433,1,14,0.0526,13.5806,1,belief,A_uniform,972299651,1,0,0.0041,8,16,2,2
63,search,10,15,5,8,"following the evidence: peak (1, 14) at 0.057, traceability 15.04",-5.1644,search,4.3749,0.7303,1,14,0.057189,15.0397,1,belief,A_uniform,972299651,1,1,0.0045,9,16,2,2
64,search,10,15,6,8,"following the evidence: peak (1, 14) at 0.061, traceability 16.41",-3.5204,search,2.453,0.7272,1,14,0.061335,16.4066,1,belief,A_uniform,972299651,1,1,0.0048,10,16,2,2
65,search,2,14,7,8,"following the evidence: peak (2, 14) at 0.070, traceability 18.89",-2.9283,search,3.4073,0.7257,2,14,0.070348,18.8921,1,belief,A_uniform,972299651,1,0,0.0581,10,15,2,2
66,search,2,14,6,8,"following the evidence: peak (2, 14) at 0.070, traceability 19.15",-7.4269,hold_position,9.8269,0.7284,2,14,0.069613,19.1533,1,belief,A_uniform,972299651,1,0,0.0608,10,14,2,2
67,search,2,14,5,8,"following the evidence: peak (2, 14) at 0.069, traceability 19.39",-7.9149,hold_position,10.3399,0.7324,2,14,0.06884,19.3948,1,belief,A_uniform,972299651,1,0,0.0635,9,14,2,2
68,search,2,14,4,8,"following the evidence: peak (2, 14) at 0.069, traceability 19.99",-8.5261,hold_position,10.9761,0.7368,2,14,0.069409,19.9879,1,belief,A_uniform,972299651,1,0,0.0663,8,14,2,2
69,search,2,14,3,8,"following the evidence: peak (2, 14) at 0.070, traceability 22.59",-5.6972,hold_position,8.1722,0.7471,2,14,0.069765,22.5944,1,belief,A_uniform,972299651,1,0,0.0691,8,13,2,2
70,hold_position,,,2,8,"too little to go on to commit: uncertainty 0.78, peak traceability 28.19",2.5,retreat,0.35,0.7777,1,15,0.044101,28.1867,1,belief,A_uniform,972299651,0,0,,8,12,2,2
71,search,10,15,2,8,"following the evidence: peak (11, 5) at 0.040, traceability 4.82",0.5195,search,0.8333,0.7807,11,5,0.040127,4.8192,1,belief,A_uniform,972299651,1,1,0.0077,8,11,2,2
72,hold_position,,,3,8,"too little to go on to commit: uncertainty 0.75, peak traceability 2071.60",1.0,retreat,0.35,0.7502,1,13,0.145612,2071.5997,1,belief,A_uniform,972299651,0,1,,8,10,4,7
73,hold_position,,,3,8,"too little to go on to commit: uncertainty 0.51, peak traceability 4161.66",1.0,retreat,0.35,0.5116,1,13,0.314818,4161.66,1,belief,A_uniform,972299651,0,1,,7,10,4,8
74,hold_position,,,3,8,"too little to go on to commit: uncertainty 0.43, peak traceability 3897.24",1.0,retreat,0.35,0.4305,1,13,0.283674,3897.2382,1,belief,A_uniform,972299651,0,1,,6,10,4,8
75,hold_position,,,3,8,"too little to go on to commit: uncertainty 0.45, peak traceability 3379.56",1.0,retreat,0.35,0.4478,1,13,0.230677,3379.5625,1,belief,A_uniform,972299651,0,1,,5,10,4,8
76,hold_position,,,3,8,"too little to go on to commit: uncertainty 0.47, peak traceability 3018.05",1.0,retreat,0.35,0.4723,1,13,0.191852,3018.0496,1,belief,A_uniform,972299651,0,1,,4,10,4,8
77,hold_position,,,3,8,"too little to go on to commit: uncertainty 0.53, peak traceability 2549.02",1.025,retreat,0.35,0.5289,1,13,0.150556,2549.0189,1,belief,A_uniform,972299651,0,1,,5,10,4,8
78,hold_position,,,3,8,"too little to go on to commit: uncertainty 0.51, peak traceability 2924.37",1.0,retreat,0.35,0.5113,1,13,0.160323,2924.371,1,belief,A_uniform,972299651,0,1,,6,10,4,8
79,hold_position,,,3,8,"too little to go on to commit: uncertainty 0.52, peak traceability 2754.18",1.0,retreat,0.35,0.5222,1,13,0.140074,2754.1784,1,belief,A_uniform,972299651,0,1,,7,10,4,8
0,hold_position,,,12,20,"too little to go on to commit: uncertainty 0.54, peak traceability 19.00",-38.6539,search,2.6244,0.5435,9,21,0.094549,19.0044,2,belief,A_uniform,1053741944,0,1,,9,20,9,21
1,hold_position,,,12,20,"too little to go on to commit: uncertainty 0.60, peak traceability 104.00",1.025,flank,0.0446,0.6021,9,21,0.092424,104.0021,2,belief,A_uniform,1053741944,0,0,,9,19,9,21
2,flank,12,19,12,20,"following the evidence: peak (9, 21) at 0.064, traceability 408.84",0.6923,hold_position,0.3577,0.7533,9,21,0.064292,408.8433,2,belief,A_uniform,1053741944,1,0,2.4647,9,18,9,21
3,search,9,20,12,19,"following the evidence: peak (9, 20) at 0.168, traceability 180.15",-4.4692,call_reinforcements,3.1305,0.5178,9,20,0.167567,180.1499,2,belief,A_uniform,1053741944,1,1,24.8965,9,19,9,20
4,search,9,19,12,20,"following the evidence: peak (9, 19) at 0.257, traceability 111.86",-24.9862,call_reinforcements,16.5177,0.4182,9,19,0.257197,111.8576,2,belief,A_uniform,1053741944,1,1,27.6443,9,18,9,20
5,search,9,18,11,20,"following the evidence: peak (9, 18) at 0.284, traceability 49.34",-26.2737,call_reinforcements,15.8285,0.4297,9,18,0.283606,49.3363,2,belief,A_uniform,1053741944,1,1,8.0162,10,18,9,20
6,search,9,18,10,20,"following the evidence: peak (9, 18) at 0.277, traceability 55.96",-33.2479,search,14.1903,0.3769,9,18,0.277341,55.9628,2,belief,A_uniform,1053741944,1,1,24.9721,10,17,9,19
7,call_reinforcements,9,18,9,20,"following the evidence: peak (9, 18) at 0.226, traceability 317.31",-6.0703,hold_position,7.0703,0.4158,9,18,0.226351,317.3122,2,belief,A_uniform,1053741944,1,1,22.1779,10,16,9,19
8,hold_position,,,9,20,"too little to go on to commit: uncertainty 0.44, peak traceability 1881.49",1.0,retreat,0.35,0.4423,9,18,0.19408,1881.4902,2,belief,A_uniform,1053741944,0,1,,10,15,9,18
9,hold_position,,,9,20,"too little to go on to commit: uncertainty 0.46, peak traceability 11373.02",1.0,retreat,0.35,0.4618,9,18,0.172166,11373.0174,2,belief,A_uniform,1053741944,0,1,,10,14,9,18
10,hold_position,,,9,20,"too little to go on to commit: uncertainty 0.48, peak traceability 69581.88",1.025,retreat,0.35,0.4794,9,18,0.156056,69581.8809,2,belief,A_uniform,1053741944,0,0,,9,14,9,18
11,hold_position,,,9,20,"too little to go on to commit: uncertainty 0.50, peak traceability 423411.02",1.05,retreat,0.35,0.5039,9,18,0.141788,423411.0193,2,belief,A_uniform,1053741944,0,0,,8,14,9,18
12,hold_position,,,9,20,"too little to go on to commit: uncertainty 0.56, peak traceability 2352401.07",1.075,retreat,0.35,0.5557,9,18,0.120197,2352401.0713,2,belief,A_uniform,1053741944,0,0,,8,13,9,18
13,search,6,16,9,20,"following the evidence: peak (6, 16) at 0.090, traceability 20.41",-4.5148,search,0.8664,0.6242,6,16,0.089537,20.4132,2,belief,A_uniform,1053741944,1,0,0.4151,8,12,9,18
14,search,6,16,8,20,"following the evidence: peak (6, 16) at 0.138, traceability 31.12",-12.48,search,4.7548,0.6072,6,16,0.137775,31.1212,2,belief,A_uniform,1053741944,1,0,0.522,8,11,9,18
15,search,6,16,8,19,"following the evidence: peak (6, 16) at 0.145, traceability 32.22",-16.1962,search,4.7876,0.5779,6,16,0.144963,32.2156,2,belief,A_uniform,1053741944,1,0,0.6284,8,10,9,18
16,search,6,16,8,18,"following the evidence: peak (6, 16) at 0.127, traceability 29.42",-17.7927,search,4.8511,0.582,6,16,0.127199,29.4218,2,belief,A_uniform,1053741944,1,0,0.7328,7,10,9,18
17,search,6,16,8,17,"following the evidence: peak (6, 16) at 0.112, traceability 31.39",-13.1156,search,4.6703,0.5883,6,16,0.111884,31.3916,2,belief,A_uniform,1053741944,1,0,0.8339,6,10,9,18
18,search,9,13,8,16,"following the evidence: peak (9, 13) at 0.102, traceability 16.72",-17.0656,search,15.9171,0.5996,9,13,0.101786,16.7241,2,belief,A_uniform,1053741944,1,0,0.0892,5,10,9,18
19,search,9,13,9,16,"following the evidence: peak (9, 13) at 0.100, traceability 16.55",-22.3607,search,22.0215,0.6037,9,13,0.100187,16.5539,2,belief,A_uniform,1053741944,1,0,0.1135,4,10,9,18
20,search,6,18,10,16,"following the evidence: peak (8, 13) at 0.108, traceability 27.93",-7.0327,search,1.1801,0.612,8,13,0.108461,27.9329,2,belief,A_uniform,1053741944,1,0,0.1744,3,10,9,18
21,search,6,18,9,16,"following the evidence: peak (8, 13) at 0.092, traceability 29.31",-11.6054,search,5.2496,0.6223,8,13,0.092419,29.3069,2,belief,A_uniform,1053741944,1,0,0.2066,2,10,9,18
22,search,6,18,8,16,"following the evidence: peak (8, 13) at 0.089, traceability 32.32",-12.7394,search,5.3312,0.6253,8,13,0.088562,32.3216,2,belief,A_uniform,1053741944,1,0,0.24,2,11,9,18
23,search,6,18,7,16,"following the evidence: peak (6, 19) at 0.088, traceability 15.32",-12.4603,search,5.2604,0.6176,6,19,0.088383,15.3187,2,belief,A_uniform,1053741944,1,0,0.2741,2,12,9,18
24,search,8,13,6,16,"following the evidence: peak (8, 13) at 0.123, traceability 50.59",-0.6414,hold_position,2.0164,0.587,8,13,0.122523,50.5902,2,belief,A_uniform,1053741944,1,0,0.1441,2,13,9,18
25,search,8,13,7,16,"following the evidence: peak (8, 13) at 0.114, traceability 50.14",-4.7937,hold_position,6.1937,0.5867,8,13,0.114454,50.1438,2,belief,A_uniform,1053741944,1,0,0.1683,2,14,9,18
26,hold_position,,,8,16,"too little to go on to commit: uncertainty 0.59, peak traceability 51.04",1.425,retreat,0.35,0.5888,9,13,0.113093,51.0411,2,belief,A_uniform,1053741944,0,0,,2,13,9,18
27,search,9,13,8,16,"following the evidence: peak (9, 13) at 0.112, traceability 50.25",-0.2942,flank,1.118,0.593,9,13,0.111583,50.251,2,belief,A_uniform,1053741944,1,0,0.3595,2,12,9,18
28,search,9,13,9,16,"following the evidence: peak (9, 13) at 0.109, traceability 49.14",-1.0262,hold_position,2.5012,0.5993,9,13,0.109376,49.1418,2,belief,A_uniform,1053741944,1,0,0.3927,2,11,9,18
29,search,8,13,10,16,"following the evidence: peak (8, 13) at 0.169, traceability 108.61",-9.236,hold_position,10.736,0.6393,8,13,0.16877,108.6098,2,belief,A_uniform,1053741944,1,0,0.2751,2,10,9,18
30,search,8,14,10,15,"following the evidence: peak (8, 14) at 0.145, traceability 218.45",-2.7795,hold_position,4.3045,0.6842,8,14,0.145265,218.448,2,belief,A_uniform,1053741944,1,0,0.4859,3,10,9,18
31,hold_position,,,10,14,"too little to go on to commit: uncertainty 0.72, peak traceability 98.92",1.55,retreat,0.35,0.7181,6,20,0.097188,98.9228,2,belief,A_uniform,1053741944,0,0,,4,10,9,18
32,hold_position,,,10,14,"too little to go on to commit: uncertainty 0.70, peak traceability 98.18",1.575,retreat,0.35,0.6965,6,21,0.108535,98.1819,2,belief,A_uniform,1053741944,0,0,,5,10,9,18
33,hold_position,,,10,14,"too little to go on to commit: uncertainty 0.69, peak traceability 102.53",1.6,retreat,0.35,0.6894,6,21,0.111735,102.531,2,belief,A_uniform,1053741944,0,0,,6,10,9,18
34,hold_position,,,10,14,"too little to go on to commit: uncertainty 0.69, peak traceability 105.04",1.625,retreat,0.35,0.6896,6,21,0.112772,105.0434,2,belief,A_uniform,1053741944,0,1,,7,10,9,18
35,flank,10,15,10,14,"following the evidence: peak (8, 9) at 0.180, traceability 174.09",0.6003,hold_position,0.3997,0.6201,8,9,0.17958,174.086,2,belief,A_uniform,1053741944,1,1,8.7363,8,10,9,18
36,flank,10,15,10,15,"acting on weakly supported belief: traceability 13343.40, 0% unaccounted for",0.0004,hold_position,1.0246,0.6741,8,9,0.105902,75.3216,2,belief,A_uniform,1053741944,1,1,8.757,9,10,9,18
37,flank,10,15,10,15,"acting on weakly supported belief: traceability 117628.13, 0% unaccounted for",0.0001,hold_position,0.9999,0.3737,8,10,0.408304,843.478,2,belief,A_uniform,1053741944,1,1,9.3363,10,10,9,18
38,flank,10,15,10,15,"acting on weakly supported belief: traceability 195182.44, 0% unaccounted for",0.0,hold_position,1.0,0.3677,8,10,0.3304,584.2602,2,belief,A_uniform,1053741944,1,1,9.6208,10,11,9,18
39,flank,10,15,10,15,"acting on weakly supported belief: traceability 304726.77, 0% unaccounted for",0.0,hold_position,1.0,0.4066,8,10,0.247107,404.2648,2,belief,A_uniform,1053741944,1,1,9.8456,10,12,9,18
40,flank,10,15,10,15,"acting on weakly supported belief: traceability 355052.11, 0% unaccounted for",0.0,hold_position,1.0,0.4381,8,10,0.190656,299.1794,2,belief,A_uniform,1053741944,1,1,10.0066,10,13,9,18
41,flank,10,15,10,15,"acting on weakly supported belief: traceability 327249.24, 0% unaccounted for",0.0,hold_position,1.025,0.501,9,10,0.143465,8089.0915,2,belief,A_uniform,1053741944,1,1,9.7652,10,14,9,18
0,search,4,16,2,20,"following the evidence: peak (4, 12) at 0.070, traceability 14.07",-15.8379,search,1.997,0.8608,4,12,0.070023,14.0746,3,belief,A_uniform,835894097,1,1,3.1329,5,12,4,12
1,search,5,12,3,20,"following the evidence: peak (5, 12) at 0.078, traceability 12.41",-7.67,search,7.9569,0.8521,5,12,0.077572,12.415,3,belief,A_uniform,835894097,1,1,12.0283,6,12,5,12
2,search,5,12,4,20,"following the evidence: peak (5, 12) at 0.083, traceability 12.84",-10.1434,search,11.0283,0.8639,5,12,0.082856,12.8436,3,belief,A_uniform,835894097,1,1,11.5734,6,13,5,12
3,search,5,12,4,19,"following the evidence: peak (5, 12) at 0.069, traceability 14.09",-6.1979,hold_position,7.2729,0.9002,5,12,0.068693,14.09,3,belief,A_uniform,835894097,1,1,11.2002,6,12,5,12
4,search,6,13,4,18,"following the evidence: peak (6, 13) at 0.051, traceability 10.46",1.0299,hold_position,0.0701,0.9349,6,13,0.050674,10.4644,3,belief,A_uniform,835894097,1,1,7.6267,6,13,5,13
5,hold_position,,,4,17,"too little to go on to commit: uncertainty 0.96, peak traceability 6.95",1.125,retreat,0.35,0.9629,6,14,0.025522,6.9493,3,belief,A_uniform,835894097,0,1,,5,13,5,13
6,call_reinforcements,6,13,4,17,"following the evidence: peak (6, 13) at 0.192, traceability 283.81",-3.3477,flank,3.9756,0.6839,6,13,0.192375,283.8136,3,belief,A_uniform,835894097,1,1,15.44,5,14,5,13
7,flank,4,16,4,17,"following the evidence: peak (5, 14) at 0.041, traceability 81.94",0.6143,hold_position,0.4107,0.9371,5,14,0.04111,81.9351,3,belief,A_uniform,835894097,1,1,7.0142,6,14,5,13
8,search,6,15,4,16,"following the evidence: peak (6, 15) at 0.016, traceability 5.07",-0.9809,flank,0.9942,0.9679,6,15,0.016326,5.0748,3,belief,A_uniform,835894097,1,1,2.6041,6,15,5,13
9,hold_position,,,4,15,"too little to go on to commit: uncertainty 0.76, peak traceability 58.57",1.0,retreat,0.35,0.7573,6,16,0.116779,58.5701,3,belief,A_uniform,835894097,0,1,,6,16,5,13
10,flank,4,16,4,15,"following the evidence: peak (6, 16) at 0.128, traceability 105.80",0.6005,hold_position,0.3995,0.556,6,16,0.128379,105.8046,3,belief,A_uniform,835894097,1,0,7.6272,7,16,5,13
11,flank,4,16,4,16,"acting on weakly supported belief: traceability 10098.67, 0% unaccounted for",0.0006,hold_position,1.0244,0.5468,6,16,0.144618,91.4175,3,belief,A_uniform,835894097,1,0,7.5873,8,16,5,13
12,flank,4,16,4,16,"acting on weakly supported belief: traceability 8430.24, 0% unaccounted for",0.0007,hold_position,1.0493,0.5489,6,16,0.13734,77.0353,3,belief,A_uniform,835894097,1,0,7.5356,9,16,5,13
13,search,10,15,4,16,"following the evidence: peak (8, 16) at 0.179, traceability 160.71",-1.9084,flank,1.9227,0.4578,8,16,0.178501,160.708,3,belief,A_uniform,835894097,1,1,0.0161,10,16,5,13
14,search,10,15,4,15,"following the evidence: peak (10, 16) at 0.166, traceability 42.32",-18.287,search,3.1327,0.5157,10,16,0.165838,42.3187,3,belief,A_uniform,835894097,1,1,0.0282,10,15,5,13
15,search,10,15,5,15,"following the evidence: peak (10, 16) at 0.208, traceability 64.21",-16.1501,search,3.2946,0.5279,10,16,0.208456,64.206,3,belief,A_uniform,835894097,1,1,0.042,10,14,5,13
16,search,10,15,6,15,"following the evidence: peak (10, 16) at 0.221, traceability 70.85",-17.1252,search,3.3177,0.5145,10,16,0.220834,70.8521,3,belief,A_uniform,835894097,1,1,0.0581,10,15,5,13
17,search,10,15,6,16,"following the evidence: peak (10, 15) at 0.169, traceability 56.62",-20.868,hold_position,21.968,0.5896,10,15,0.168943,56.6245,3,belief,A_uniform,835894097,1,1,0.076,10,14,5,13
18,search,10,15,7,16,"following the evidence: peak (10, 14) at 0.172, traceability 27.79",-26.1199,search,5.9657,0.6005,10,14,0.171866,27.7919,3,belief,A_uniform,835894097,1,1,0.0956,10,15,5,13
19,search,10,14,8,16,"following the evidence: peak (10, 14) at 0.226, traceability 39.05",-19.4112,search,4.3826,0.6262,10,14,0.225917,39.0464,3,belief,A_uniform,835894097,1,1,0.0269,10,14,5,13
20,search,10,14,9,16,"following the evidence: peak (10, 14) at 0.196, traceability 36.51",-27.8816,search,13.017,0.6197,10,14,0.196038,36.5109,3,belief,A_uniform,835894097,1,1,0.0341,9,14,5,13
21,search,8,14,10,16,"following the evidence: peak (8, 14) at 0.085, traceability 20.41",-0.7172,hold_position,1.9172,0.8185,8,14,0.08525,20.4054,3,belief,A_uniform,835894097,1,1,0.0028,8,14,5,13
22,hold_position,,,10,15,"too little to go on to commit: uncertainty 0.50, peak traceability 207.25",1.0,retreat,0.35,0.4951,9,14,0.254259,207.246,3,belief,A_uniform,835894097,0,1,,8,13,9,16
23,flank,10,15,10,15,"acting on weakly supported belief: traceability 4993.71, 0% unaccounted for",0.0012,hold_position,0.9988,0.4788,9,14,0.190929,271.433,3,belief,A_uniform,835894097,1,1,9.5479,8,12,9,17
24,flank,10,15,10,15,"acting on weakly supported belief: traceability 22238.58, 0% unaccounted for",0.0003,hold_position,1.0247,0.5456,9,13,0.146368,3371.8145,3,belief,A_uniform,835894097,1,1,10.5367,8,11,9,17
25,flank,10,15,10,15,"acting on weakly supported belief: traceability 60026.99, 0% unaccounted for",0.0001,hold_position,0.9999,0.495,9,14,0.183309,794.5594,3,belief,A_uniform,835894097,1,1,11.9359,8,10,9,17
26,flank,10,15,10,15,"acting on weakly supported belief: traceability 119730.64, 0% unaccounted for",0.0001,hold_position,1.0249,0.5442,9,13,0.137602,11129.0537,3,belief,A_uniform,835894097,1,0,12.0394,7,10,9,17
27,search,8,14,10,15,"following the evidence: peak (8, 14) at 0.175, traceability 1071.12",-6.1741,flank,6.1741,0.5853,8,14,0.175306,1071.1159,3,belief,A_uniform,835894097,1,0,0.478,6,10,9,17
28,hold_position,,,10,14,"too little to go on to commit: uncertainty 0.77, peak traceability 5350.11",1.075,retreat,0.35,0.7701,8,14,0.091739,5350.1061,3,belief,A_uniform,835894097,0,0,,5,10,9,17
29,flank,10,15,10,14,"following the evidence: peak (9, 14) at 0.028, traceability 16342.85",0.6001,hold_position,0.4999,0.9059,9,14,0.027867,16342.8509,3,belief,A_uniform,835894097,1,0,11.4924,4,10,9,17
30,flank,10,15,10,15,"acting on weakly supported belief: traceability 78090.40, 0% unaccounted for",0.0001,hold_position,1.1249,0.9166,10,21,0.024239,5.6786,3,belief,A_uniform,835894097,1,0,11.2235,4,9,9,17
31,flank,10,15,10,15,"acting on weakly supported belief: traceability 57704.11, 0% unaccounted for",0.0001,hold_position,1.1499,0.9153,10,21,0.022464,5.3666,3,belief,A_uniform,835894097,1,0,10.9624,4,8,9,17
32,flank,10,15,10,15,"acting on weakly supported belief: traceability 31285.55, 0% unaccounted for",0.0002,hold_position,1.1748,0.9164,10,21,0.020698,5.031,3,belief,A_uniform,835894097,1,0,10.7138,4,7,9,17
33,search,7,9,10,15,"following the evidence: peak (7, 9) at 0.020, traceability 3.46",-1.3731,hold_position,2.5731,0.9178,7,9,0.019712,3.4599,3,belief,A_uniform,835894097,1,0,0.0021,4,6,9,17
34,hold_position,,,10,14,"too little to go on to commit: uncertainty 0.92, peak traceability 2.85",1.225,retreat,0.35,0.9169,11,21,0.019704,2.8467,3,belief,A_uniform,835894097,0,0,,3,6,9,17
35,hold_position,,,10,14,"too little to go on to commit: uncertainty 0.92, peak traceability 2.89",1.25,retreat,0.35,0.917,11,21,0.019736,2.8936,3,belief,A_uniform,835894097,0,0,,2,6,9,17
36,hold_position,,,10,14,"too little to go on to commit: uncertainty 0.92, peak traceability 2.93",1.275,retreat,0.35,0.9178,11,21,0.019712,2.9316,3,belief,A_uniform,835894097,0,0,,2,5,9,17
37,hold_position,,,10,14,"too little to go on to commit: uncertainty 0.92, peak traceability 2.97",1.3,retreat,0.35,0.9186,11,21,0.019671,2.966,3,belief,A_uniform,835894097,0,0,,2,4,9,17
38,hold_position,,,10,14,"too little to go on to commit: uncertainty 0.92, peak traceability 3.00",1.325,retreat,0.35,0.9192,11,21,0.019615,2.9971,3,belief,A_uniform,835894097,0,0,,2,3,9,17
39,hold_position,,,10,14,"too little to go on to commit: uncertainty 0.92, peak traceability 3.02",1.35,retreat,0.35,0.9198,11,21,0.019543,3.0248,3,belief,A_uniform,835894097,0,0,,2,2,9,17
40,hold_position,,,10,14,"too little to go on to commit: uncertainty 0.92, peak traceability 3.05",1.375,retreat,0.35,0.9202,11,21,0.019455,3.0489,3,belief,A_uniform,835894097,0,0,,3,2,9,17
41,hold_position,,,10,14,"too little to go on to commit: uncertainty 0.92, peak traceability 3.07",1.4,retreat,0.35,0.9206,11,21,0.019352,3.0696,3,belief,A_uniform,835894097,0,0,,4,2,9,17
42,hold_position,,,10,14,"too little to go on to commit: uncertainty 0.92, peak traceability 3.09",1.425,retreat,0.35,0.9209,11,21,0.019234,3.0871,3,belief,A_uniform,835894097,0,0,,4,3,9,17
43,hold_position,,,10,14,"too little to go on to commit: uncertainty 0.92, peak traceability 3.10",1.45,retreat,0.35,0.9212,11,21,0.019102,3.1016,3,belief,A_uniform,835894097,0,0,,4,4,9,17
44,search,11,21,10,14,"following the evidence: peak (11, 21) at 0.019, traceability 3.11",1.4479,hold_position,0.0271,0.9214,11,21,0.018959,3.1132,3,belief,A_uniform,835894097,1,0,0.7753,5,4,9,17
45,search,11,21,10,15,"following the evidence: peak (11, 21) at 0.019, traceability 3.16",0.6114,hold_position,0.8886,0.9218,11,21,0.019028,3.1574,3,belief,A_uniform,835894097,1,0,0.8343,6,4,9,17
46,search,11,21,10,16,"following the evidence: peak (11, 21) at 0.019, traceability 3.21",0.3644,hold_position,1.1606,0.919,11,21,0.019077,3.2111,3,belief,A_uniform,835894097,1,0,0.8932,6,3,9,17
47,search,11,21,9,16,"following the evidence: peak (11, 21) at 0.019, traceability 3.29",1.0247,hold_position,0.5253,0.9164,11,21,0.019358,3.2942,3,belief,A_uniform,835894097,1,0,0.9518,6,2,9,17
48,search,11,21,9,17,"following the evidence: peak (11, 21) at 0.018, traceability 3.28",1.0668,hold_position,0.5082,0.9135,11,21,0.017672,3.2776,3,belief,A_uniform,835894097,1,0,1.0102,6,1,9,17
49,hold_position,,,9,18,"too little to go on to commit: uncertainty 0.91, peak traceability 2.97",1.6,retreat,0.35,0.9126,12,21,0.015536,2.9667,3,belief,A_uniform,835894097,0,0,,6,2,9,17
50,search,12,21,9,18,"following the evidence: peak (12, 21) at 0.015, traceability 2.94",1.2508,hold_position,0.3742,0.9127,12,21,0.014528,2.9427,3,belief,A_uniform,835894097,1,0,0.7443,6,3,9,17
51,hold_position,,,9,19,"too little to go on to commit: uncertainty 0.91, peak traceability 1.26",1.65,retreat,0.35,0.9112,4,9,0.012897,1.258,3,belief,A_uniform,835894097,0,0,,6,4,9,17
52,hold_position,,,9,19,"too little to go on to commit: uncertainty 0.91, peak traceability 1.26",1.675,retreat,0.35,0.9099,4,9,0.0129,1.2631,3,belief,A_uniform,835894097,0,0,,5,4,9,17
53,hold_position,,,9,19,"too little to go on to commit: uncertainty 0.91, peak traceability 1.26",1.7,retreat,0.35,0.9096,4,9,0.012844,1.2638,3,belief,A_uniform,835894097,0,0,,6,4,9,17
54,hold_position,,,9,19,"too little to go on to commit: uncertainty 0.91, peak traceability 1.26",1.725,retreat,0.35,0.9096,4,9,0.012774,1.2631,3,belief,A_uniform,835894097,0,0,,5,4,9,17
55,hold_position,,,9,19,"too little to go on to commit: uncertainty 0.91, peak traceability 1.26",1.75,retreat,0.35,0.9096,4,9,0.012697,1.2617,3,belief,A_uniform,835894097,0,0,,6,4,9,17
56,hold_position,,,9,19,"too little to go on to commit: uncertainty 0.91, peak traceability 1.26",1.775,retreat,0.35,0.9096,4,9,0.012618,1.2598,3,belief,A_uniform,835894097,0,0,,5,4,9,17
57,hold_position,,,9,19,"too little to go on to commit: uncertainty 0.91, peak traceability 1.26",1.8,retreat,0.35,0.9096,4,9,0.012538,1.2575,3,belief,A_uniform,835894097,0,0,,4,4,9,17
58,hold_position,,,9,19,"too little to go on to commit: uncertainty 0.91, peak traceability 1.13",1.825,retreat,0.35,0.9097,3,9,0.012507,1.1266,3,belief,A_uniform,835894097,0,0,,4,5,9,17
59,hold_position,,,9,19,"too little to go on to commit: uncertainty 0.91, peak traceability 1.13",1.85,retreat,0.35,0.9098,3,9,0.012486,1.1286,3,belief,A_uniform,835894097,0,0,,4,6,9,17
60,hold_position,,,9,19,"too little to go on to commit: uncertainty 0.91, peak traceability 1.13",1.875,retreat,0.35,0.9098,3,9,0.012461,1.1302,3,belief,A_uniform,835894097,0,0,,4,7,9,17
61,hold_position,,,9,19,"too little to go on to commit: uncertainty 0.91, peak traceability 1.13",1.9,retreat,0.35,0.9099,3,9,0.012435,1.1316,3,belief,A_uniform,835894097,0,0,,4,8,9,17
62,hold_position,,,9,19,"too little to go on to commit: uncertainty 0.91, peak traceability 1.13",1.925,retreat,0.35,0.9099,3,9,0.012407,1.1327,3,belief,A_uniform,835894097,0,0,,5,8,9,17
63,hold_position,,,9,19,"too little to go on to commit: uncertainty 0.91, peak traceability 1.13",1.95,retreat,0.35,0.91,3,9,0.012377,1.1336,3,belief,A_uniform,835894097,0,0,,6,8,9,17
64,hold_position,,,9,19,"too little to go on to commit: uncertainty 0.91, peak traceability 1.13",1.975,retreat,0.35,0.9101,3,9,0.012346,1.1344,3,belief,A_uniform,835894097,0,0,,5,8,9,17
65,hold_position,,,9,19,"too little to go on to commit: uncertainty 0.91, peak traceability 1.06",2.0,resume_post,0.2086,0.9101,2,9,0.012333,1.0584,3,belief,A_uniform,835894097,0,0,,5,9,9,17
66,hold_position,,,9,19,"too little to go on to commit: uncertainty 0.91, peak traceability 1.06",2.025,resume_post,0.2824,0.9102,2,9,0.012334,1.0612,3,belief,A_uniform,835894097,0,0,,6,9,9,17
67,hold_position,,,9,19,"too little to go on to commit: uncertainty 0.91, peak traceability 1.06",2.05,resume_post,0.3491,0.9103,2,9,0.012334,1.0638,3,belief,A_uniform,835894097,0,0,,7,9,9,17
68,hold_position,,,9,19,"too little to go on to commit: uncertainty 0.91, peak traceability 1.07",2.075,retreat,0.35,0.9103,2,9,0.012331,1.0662,3,belief,A_uniform,835894097,0,0,,8,9,9,17
69,hold_position,,,9,19,"too little to go on to commit: uncertainty 0.91, peak traceability 1.07",2.1,retreat,0.35,0.9104,2,9,0.012326,1.0685,3,belief,A_uniform,835894097,0,0,,9,9,9,17
70,hold_position,,,9,19,"too little to go on to commit: uncertainty 0.91, peak traceability 1.07",2.125,retreat,0.35,0.9104,2,9,0.01232,1.0706,3,belief,A_uniform,835894097,0,0,,9,10,9,17
71,hold_position,,,9,19,"too little to go on to commit: uncertainty 0.91, peak traceability 1.07",2.15,retreat,0.35,0.9105,2,9,0.012312,1.0725,3,belief,A_uniform,835894097,0,0,,10,10,9,17
72,hold_position,,,9,19,"too little to go on to commit: uncertainty 0.91, peak traceability 1.07",2.175,retreat,0.35,0.9105,2,9,0.012303,1.0743,3,belief,A_uniform,835894097,0,0,,10,11,9,17
73,hold_position,,,9,19,"too little to go on to commit: uncertainty 0.91, peak traceability 1.08",2.2,retreat,0.35,0.9105,2,9,0.012292,1.0761,3,belief,A_uniform,835894097,0,0,,10,12,9,17
74,hold_position,,,9,19,"too little to go on to commit: uncertainty 0.91, peak traceability 112.65",1.0,retreat,0.35,0.9135,12,21,0.033147,112.6518,3,belief,A_uniform,835894097,0,1,,10,13,9,17
75,hold_position,,,9,19,"too little to go on to commit: uncertainty 0.75, peak traceability 487.14",1.0,retreat,0.35,0.7503,12,21,0.140825,487.14,3,belief,A_uniform,835894097,0,1,,10,14,9,17
76,hold_position,,,9,19,"too little to go on to commit: uncertainty 0.54, peak traceability 644.21",1.0,retreat,0.35,0.5422,12,21,0.183106,644.2115,3,belief,A_uniform,835894097,0,1,,10,15,9,17
77,hold_position,,,9,19,"too little to go on to commit: uncertainty 0.52, peak traceability 588.73",1.0,retreat,0.35,0.5175,12,21,0.164638,588.7257,3,belief,A_uniform,835894097,0,1,,10,16,9,17
78,hold_position,,,9,19,"too little to go on to commit: uncertainty 0.53, peak traceability 526.32",1.0,retreat,0.35,0.531,12,21,0.144902,526.3173,3,belief,A_uniform,835894097,0,1,,9,16,9,17
79,hold_position,,,9,19,"too little to go on to commit: uncertainty 0.54, peak traceability 1296.05",1.0,retreat,0.35,0.5439,11,21,0.131451,1296.0464,3,belief,A_uniform,835894097,0,1,,8,16,9,17
0,search,9,18,8,12,"following the evidence: peak (9, 18) at 0.053, traceability 10.58",-18.6938,search,2.6437,0.8454,9,18,0.05262,10.5767,4,belief,A_uniform,11117006,1,1,10.5767,10,18,9,18
1,call_reinforcements,10,17,9,12,"following the evidence: peak (10, 17) at 0.401, traceability 159.82",-20.0068,hold_position,21.0068,0.5451,10,17,0.401023,159.8202,4,belief,A_uniform,11117006,1,1,51.6497,10,17,10,17
2,hold_position,,,9,12,"too little to go on to commit: uncertainty 0.45, peak traceability 209.76",1.0,retreat,0.35,0.4465,10,17,0.3758,209.7614,4,belief,A_uniform,11117006,0,1,,10,16,10,17
3,hold_position,,,9,12,"too little to go on to commit: uncertainty 0.47, peak traceability 199.05",1.0,retreat,0.35,0.4667,10,17,0.295958,199.0465,4,belief,A_uniform,11117006,0,1,,10,15,10,16
4,hold_position,,,9,12,"too little to go on to commit: uncertainty 0.50, peak traceability 176.05",1.0,retreat,0.35,0.4973,10,17,0.231997,176.0494,4,belief,A_uniform,11117006,0,1,,10,14,10,16
5,hold_position,,,9,12,"too little to go on to commit: uncertainty 0.52, peak traceability 324.93",1.0,retreat,0.35,0.5233,10,16,0.209934,324.9343,4,belief,A_uniform,11117006,0,1,,9,14,10,16
6,hold_position,,,9,12,"too little to go on to commit: uncertainty 0.54, peak traceability 306.24",1.0,retreat,0.35,0.5442,10,16,0.18673,306.2441,4,belief,A_uniform,11117006,0,1,,9,13,10,16
7,hold_position,,,9,12,"too little to go on to commit: uncertainty 0.59, peak traceability 259.22",1.025,retreat,0.35,0.5899,10,16,0.150475,259.2176,4,belief,A_uniform,11117006,0,1,,8,13,10,16
8,hold_position,,,9,12,"too little to go on to commit: uncertainty 0.56, peak traceability 287.35",1.0,retreat,0.35,0.5644,10,16,0.159724,287.3521,4,belief,A_uniform,11117006,0,1,,8,12,10,16
0,search,1,11,11,3,"following the evidence: peak (1, 11) at 0.059, traceability 11.79",-11.443,hold_position,10.0065,0.8494,1,11,0.058658,11.7903,5,belief,A_uniform,345867229,1,1,11.7903,1,12,1,11
1,search,1,11,10,3,"following the evidence: peak (1, 11) at 0.059, traceability 10.63",-13.1257,hold_position,14.1507,0.8336,1,11,0.058877,10.6332,5,belief,A_uniform,345867229,1,1,11.2896,2,12,1,11
2,search,1,11,10,2,"following the evidence: peak (1, 11) at 0.057, traceability 9.78",-14.2988,hold_position,15.3488,0.8235,1,11,0.056862,9.7812,5,belief,A_uniform,345867229,1,1,10.753,2,11,1,11
3,search,1,11,9,2,"following the evidence: peak (1, 11) at 0.055, traceability 9.13",-15.217,hold_position,16.292,0.8186,1,11,0.05458,9.1257,5,belief,A_uniform,345867229,1,1,10.25,2,10,1,11
4,search,1,11,8,2,"following the evidence: peak (1, 11) at 0.053, traceability 8.57",-16.0519,search,16.495,0.8149,1,11,0.052542,8.5746,5,belief,A_uniform,345867229,1,1,9.7984,3,10,1,11
5,search,1,11,7,2,"following the evidence: peak (1, 11) at 0.050, traceability 8.19",-16.6514,search,15.6666,0.8154,1,11,0.050394,8.1922,5,belief,A_uniform,345867229,1,1,9.3963,3,9,1,11
6,search,1,11,6,2,"following the evidence: peak (1, 11) at 0.048, traceability 7.88",-17.1921,search,14.8196,0.8173,1,11,0.048449,7.8752,5,belief,A_uniform,345867229,1,1,9.0377,4,9,1,11
7,search,3,9,6,3,"following the evidence: peak (3, 9) at 0.091, traceability 11.82",-26.4914,search,4.9471,0.677,3,9,0.091245,11.8186,5,belief,A_uniform,345867229,1,1,14.8579,5,9,3,9
8,search,3,9,6,4,"following the evidence: peak (3, 9) at 0.082, traceability 9.77",-31.1451,search,9.0991,0.681,3,9,0.081781,9.7721,5,belief,A_uniform,345867229,1,1,13.1325,6,9,3,9
9,search,3,9,5,4,"following the evidence: peak (3, 9) at 0.075, traceability 8.62",-31.7018,search,9.1346,0.6846,3,9,0.075281,8.6178,5,belief,A_uniform,345867229,1,1,11.979,7,9,3,9
10,search,2,9,4,4,"following the evidence: peak (2, 9) at 0.083, traceability 8.75",-23.7881,search,14.4459,0.6979,2,9,0.083447,8.7488,5,belief,A_uniform,345867229,1,1,10.0372,8,9,3,9
11,search,2,9,4,5,"following the evidence: peak (2, 9) at 0.085, traceability 9.71",-28.0054,hold_position,29.1054,0.7067,2,9,0.08513,9.715,5,belief,A_uniform,345867229,1,1,9.5473,8,10,3,9
12,search,2,9,4,6,"following the evidence: peak (2, 9) at 0.089, traceability 11.89",-25.7229,hold_position,26.8479,0.7166,2,9,0.089065,11.8857,5,belief,A_uniform,345867229,1,1,9.2078,8,9,3,9
13,search,2,8,4,7,"following the evidence: peak (2, 8) at 0.095, traceability 18.15",-13.2759,hold_position,14.4259,0.7675,2,8,0.095312,18.1483,5,belief,A_uniform,345867229,1,1,8.4177,8,8,3,9
14,hold_position,,,4,8,"too little to go on to commit: uncertainty 0.62, peak traceability 43.56",1.0,retreat,0.35,0.6235,1,12,0.120878,43.556,5,belief,A_uniform,345867229,0,1,,9,8,3,9
15,flank,4,7,4,8,"following the evidence: peak (2, 8) at 0.099, traceability 1074.98",0.6072,hold_position,0.3928,0.6114,2,8,0.099292,1074.976,5,belief,A_uniform,345867229,1,0,4.7788,10,8,3,9
16,flank,4,7,4,7,"acting on weakly supported belief: traceability 1396.48, 0% unaccounted for",0.0043,hold_position,1.0207,0.6028,2,8,0.12928,1847.4581,5,belief,A_uniform,345867229,1,0,4.837,10,9,3,9
17,flank,4,7,4,7,"acting on weakly supported belief: traceability 1813.83, 0% unaccounted for",0.0033,hold_position,1.0467,0.5991,2,8,0.127124,2434.6704,5,belief,A_uniform,345867229,1,0,4.8744,10,10,3,9
18,flank,4,7,4,7,"acting on weakly supported belief: traceability 2114.87, 0% unaccounted for",0.0028,hold_position,1.0722,0.6062,2,8,0.114844,2953.8176,5,belief,A_uniform,345867229,1,0,4.8949,10,11,3,9
19,flank,4,7,4,7,"acting on weakly supported belief: traceability 2334.34, 0% unaccounted for",0.0026,hold_position,1.0974,0.6147,2,8,0.100288,3465.4575,5,belief,A_uniform,345867229,1,0,4.9023,10,12,3,9
20,flank,4,7,4,7,"acting on weakly supported belief: traceability 2537.19, 0% unaccounted for",0.0024,hold_position,1.1226,0.6217,2,8,0.085686,3978.1,5,belief,A_uniform,345867229,1,0,4.8998,10,13,2,9
21,flank,4,7,4,7,"acting on weakly supported belief: traceability 2716.75, 0% unaccounted for",0.0022,hold_position,1.1478,0.6265,9,9,0.078083,45.0909,5,belief,A_uniform,345867229,1,0,4.8896,10,14,2,9
22,flank,4,7,4,7,"acting on weakly supported belief: traceability 2849.21, 0% unaccounted for",0.0021,hold_position,1.1729,0.6295,9,9,0.082519,45.2337,5,belief,A_uniform,345867229,1,0,4.8735,10,15,2,9
23,flank,4,7,4,7,"acting on weakly supported belief: traceability 2906.36, 0% unaccounted for",0.0021,hold_position,1.1979,0.631,9,9,0.086159,45.3489,5,belief,A_uniform,345867229,1,0,4.8526,10,16,2,9
24,flank,4,7,4,7,"acting on weakly supported belief: traceability 2852.77, 0% unaccounted for",0.0021,hold_position,1.2229,0.6315,9,9,0.089007,45.352,5,belief,A_uniform,345867229,1,0,4.8279,9,16,2,9
25,flank,4,7,4,7,"acting on weakly supported belief: traceability 2663.56, 0% unaccounted for",0.0023,hold_position,1.2477,0.6313,9,9,0.091108,45.2131,5,belief,A_uniform,345867229,1,0,4.8002,8,16,2,9
26,flank,4,7,4,7,"acting on weakly supported belief: traceability 2350.58, 0% unaccounted for",0.0026,search,1.0391,0.6308,9,9,0.092533,44.9322,5,belief,A_uniform,345867229,1,0,4.7702,7,16,2,9
27,flank,4,7,4,7,"acting on weakly supported belief: traceability 1967.13, 0% unaccounted for",0.0031,search,0.1354,0.6303,9,9,0.09337,44.5253,5,belief,A_uniform,345867229,1,0,4.7382,6,16,2,9
28,search,9,9,4,7,"following the evidence: peak (9, 9) at 0.094, traceability 44.01",-0.7378,flank,0.7416,0.63,9,9,0.093707,44.0148,5,belief,A_uniform,345867229,1,0,1.3717,6,15,2,9
29,search,10,10,4,8,"following the evidence: peak (10, 10) at 0.085, traceability 29.53",-8.5026,hold_position,9.8526,0.6572,10,10,0.085346,29.5266,5,belief,A_uniform,345867229,1,0,0.7883,5,15,2,9
30,search,10,11,5,8,"following the evidence: peak (10, 11) at 0.079, traceability 18.35",-7.1466,hold_position,8.5216,0.6351,10,11,0.078873,18.3525,5,belief,A_uniform,345867229,1,0,0.5104,4,15,2,9
31,search,1,14,6,8,"following the evidence: peak (1, 14) at 0.098, traceability 14.15",-8.0038,hold_position,9.4038,0.6135,1,14,0.098268,14.1454,5,belief,A_uniform,345867229,1,0,1.1413,4,16,2,9
32,search,1,14,5,8,"following the evidence: peak (1, 14) at 0.099, traceability 14.69",-12.9554,hold_position,14.3804,0.6055,1,14,0.099169,14.6898,5,belief,A_uniform,345867229,1,0,1.2207,4,17,2,9
33,search,1,14,4,8,"following the evidence: peak (1, 14) at 0.101, traceability 15.34",-13.8544,hold_position,15.3044,0.6064,1,14,0.100952,15.34,5,belief,A_uniform,345867229,1,0,1.2988,4,18,2,9
34,search,1,14,3,8,"following the evidence: peak (1, 14) at 0.107, traceability 18.18",-10.3789,hold_position,11.8539,0.6102,1,14,0.107211,18.1822,5,belief,A_uniform,345867229,1,0,1.3757,4,19,2,9
35,search,9,13,2,8,"following the evidence: peak (9, 13) at 0.086, traceability 8.81",-8.4116,search,3.9767,0.6429,9,13,0.086066,8.8128,5,belief,A_uniform,345867229,1,0,0.2175,4,20,2,9
36,search,9,13,3,8,"following the evidence: peak (9, 13) at 0.086, traceability 8.95",-13.0065,search,7.7838,0.6461,9,13,0.085534,8.9463,5,belief,A_uniform,345867229,1,0,0.2341,4,21,2,9
37,search,9,13,4,8,"following the evidence: peak (9, 13) at 0.086, traceability 9.19",-13.8294,search,7.6027,0.6483,9,13,0.086285,9.1927,5,belief,A_uniform,345867229,1,0,0.251,4,22,2,9
38,search,9,13,5,8,"following the evidence: peak (9, 13) at 0.090, traceability 9.69",-15.2923,search,7.4188,0.6482,9,13,0.089596,9.6938,5,belief,A_uniform,345867229,1,0,0.2682,4,21,2,9
39,search,9,13,6,8,"following the evidence: peak (9, 13) at 0.091, traceability 10.59",-16.9898,search,7.2024,0.6527,9,13,0.090681,10.5883,5,belief,A_uniform,345867229,1,0,0.2855,4,20,2,9
40,search,10,14,7,8,"following the evidence: peak (10, 14) at 0.088, traceability 9.94",-6.4412,search,2.9717,0.6704,10,14,0.087942,9.9371,5,belief,A_uniform,345867229,1,0,0.1538,4,19,2,9
41,search,10,15,8,8,"following the evidence: peak (1, 14) at 0.092, traceability 58.44",0.0792,hold_position,1.5708,0.6887,1,14,0.091819,58.4409,5,belief,A_uniform,345867229,1,0,0.0783,4,18,2,9
42,search,10,15,9,8,"following the evidence: peak (1, 14) at 0.105, traceability 68.58",-1.8888,hold_position,3.5638,0.6888,1,14,0.105445,68.5844,5,belief,A_uniform,345867229,1,0,0.0854,4,17,2,9
43,hold_position,,,10,8,"too little to go on to commit: uncertainty 0.69, peak traceability 73.37",1.7,retreat,0.35,0.6851,1,14,0.110219,73.3673,5,belief,A_uniform,345867229,0,0,,4,16,2,9
44,hold_position,,,10,8,"too little to go on to commit: uncertainty 0.69, peak traceability 74.44",1.725,retreat,0.35,0.6857,1,14,0.108892,74.4384,5,belief,A_uniform,345867229,0,0,,4,15,2,9
45,hold_position,,,10,8,"too little to go on to commit: uncertainty 0.69, peak traceability 74.84",1.75,retreat,0.35,0.6891,1,14,0.106675,74.8406,5,belief,A_uniform,345867229,0,0,,5,15,2,9
46,hold_position,,,10,8,"too little to go on to commit: uncertainty 0.69, peak traceability 75.07",1.775,retreat,0.35,0.693,1,14,0.104375,75.0717,5,belief,A_uniform,345867229,0,0,,6,15,2,9
47,hold_position,,,10,8,"too little to go on to commit: uncertainty 0.70, peak traceability 75.23",1.8,retreat,0.35,0.6968,1,14,0.102139,75.232,5,belief,A_uniform,345867229,0,0,,6,16,2,9
48,hold_position,,,10,8,"too little to go on to commit: uncertainty 0.70, peak traceability 75.35",1.825,retreat,0.35,0.7005,1,14,0.1,75.3533,5,belief,A_uniform,345867229,0,0,,7,16,2,9
49,hold_position,,,10,8,"too little to go on to commit: uncertainty 0.70, peak traceability 75.45",1.85,retreat,0.35,0.7041,1,14,0.097967,75.4509,5,belief,A_uniform,345867229,0,0,,8,16,2,9
50,hold_position,,,10,8,"too little to go on to commit: uncertainty 0.71, peak traceability 75.53",1.875,retreat,0.35,0.7075,1,14,0.09604,75.5337,5,belief,A_uniform,345867229,0,0,,8,17,2,9
51,hold_position,,,10,8,"too little to go on to commit: uncertainty 0.71, peak traceability 75.61",1.9,retreat,0.35,0.7107,1,14,0.094216,75.6077,5,belief,A_uniform,345867229,0,0,,8,18,2,9
52,hold_position,,,10,8,"too little to go on to commit: uncertainty 0.71, peak traceability 75.68",1.925,retreat,0.35,0.7138,1,14,0.092491,75.6769,5,belief,A_uniform,345867229,0,0,,9,18,2,9
53,hold_position,,,10,8,"too little to go on to commit: uncertainty 0.72, peak traceability 75.74",1.95,retreat,0.35,0.7167,1,14,0.090859,75.7444,5,belief,A_uniform,345867229,0,0,,10,18,2,9
54,hold_position,,,10,8,"too little to go on to commit: uncertainty 0.72, peak traceability 75.81",1.975,retreat,0.35,0.7195,1,14,0.089316,75.8123,5,belief,A_uniform,345867229,0,0,,10,17,2,9
55,hold_position,,,10,8,"too little to go on to commit: uncertainty 0.72, peak traceability 75.88",2.0,retreat,0.35,0.7221,1,14,0.087855,75.8824,5,belief,A_uniform,345867229,0,0,,10,18,2,9
56,hold_position,,,10,8,"too little to go on to commit: uncertainty 0.72, peak traceability 75.96",2.025,retreat,0.35,0.7246,1,14,0.086472,75.9559,5,belief,A_uniform,345867229,0,0,,10,17,2,9
57,hold_position,,,10,8,"too little to go on to commit: uncertainty 0.73, peak traceability 76.03",2.05,retreat,0.35,0.727,1,14,0.085161,76.034,5,belief,A_uniform,345867229,0,0,,10,16,2,9
58,hold_position,,,10,8,"too little to go on to commit: uncertainty 0.73, peak traceability 88.71",1.0,retreat,0.35,0.7267,10,15,0.099594,88.711,5,belief,A_uniform,345867229,0,1,,10,15,4,9
59,call_reinforcements,10,15,10,8,"following the evidence: peak (10, 15) at 0.280, traceability 251.83",-10.3599,hold_position,11.3599,0.5473,10,15,0.280094,251.8287,5,belief,A_uniform,345867229,1,1,0.4893,10,14,5,9
60,hold_position,,,10,8,"too little to go on to commit: uncertainty 0.43, peak traceability 248.30",1.0,retreat,0.35,0.4315,10,15,0.273743,248.2959,5,belief,A_uniform,345867229,0,1,,9,14,5,9
61,hold_position,,,10,8,"too little to go on to commit: uncertainty 0.61, peak traceability 141.41",1.025,retreat,0.35,0.6147,10,15,0.154603,141.407,5,belief,A_uniform,345867229,0,0,,8,14,5,9
62,hold_position,,,10,8,"too little to go on to commit: uncertainty 0.49, peak traceability 186.97",1.0,retreat,0.35,0.4894,10,15,0.202804,186.9744,5,belief,A_uniform,345867229,0,1,,8,13,6,9
63,hold_position,,,10,8,"too little to go on to commit: uncertainty 0.49, peak traceability 4381.38",1.0,retreat,0.35,0.494,10,14,0.175342,4381.376,5,belief,A_uniform,345867229,0,1,,8,12,6,9
64,hold_position,,,10,8,"too little to go on to commit: uncertainty 0.51, peak traceability 4312.34",1.0,retreat,0.35,0.5135,10,14,0.171268,4312.3421,5,belief,A_uniform,345867229,0,1,,8,11,6,9
65,hold_position,,,10,8,"too little to go on to commit: uncertainty 0.53, peak traceability 4077.98",1.0,retreat,0.35,0.5319,10,14,0.16078,4077.9774,5,belief,A_uniform,345867229,0,1,,8,10,6,9
66,hold_position,,,10,8,"too little to go on to commit: uncertainty 0.55, peak traceability 3800.37",1.0,retreat,0.35,0.5479,10,14,0.148788,3800.3728,5,belief,A_uniform,345867229,0,1,,7,10,6,9
67,hold_position,,,10,8,"too little to go on to commit: uncertainty 0.56, peak traceability 3523.62",1.0,retreat,0.35,0.5618,10,14,0.137024,3523.6214,5,belief,A_uniform,345867229,0,1,,6,10,6,9
68,hold_position,,,10,8,"too little to go on to commit: uncertainty 0.57, peak traceability 3263.57",1.0,retreat,0.35,0.5739,10,14,0.126088,3263.5668,5,belief,A_uniform,345867229,0,1,,5,10,6,9
69,hold_position,,,10,8,"too little to go on to commit: uncertainty 0.53, peak traceability 460352.46",1.0,search,0.2018,0.5337,5,9,0.141804,460352.4582,5,belief,A_uniform,345867229,0,0,,4,10,5,9
70,search,4,7,10,8,"following the evidence: peak (4, 10) at 0.116, traceability 4025.49",-7.6456,search,0.0007,0.5769,4,10,0.116097,4025.487,5,belief,A_uniform,345867229,1,1,3.2661,4,9,5,9
71,hold_position,,,9,8,"too little to go on to commit: uncertainty 0.54, peak traceability 7883.53",1.0,retreat,0.35,0.5387,4,10,0.127692,7883.5323,5,belief,A_uniform,345867229,0,1,,5,9,5,9
72,hold_position,,,9,8,"too little to go on to commit: uncertainty 0.55, peak traceability 98916.31",1.0,retreat,0.35,0.5471,4,9,0.119364,98916.3148,5,belief,A_uniform,345867229,0,1,,6,9,5,9
73,hold_position,,,9,8,"too little to go on to commit: uncertainty 0.56, peak traceability 126911.82",1.0,retreat,0.35,0.5564,4,9,0.118292,126911.8239,5,belief,A_uniform,345867229,0,1,,7,9,5,9
74,hold_position,,,9,8,"too little to go on to commit: uncertainty 0.56, peak traceability 131416.76",1.0,retreat,0.35,0.5649,4,9,0.112578,131416.7639,5,belief,A_uniform,345867229,0,1,,8,9,5,9
75,hold_position,,,9,8,"too little to go on to commit: uncertainty 0.57, peak traceability 128675.46",1.0,retreat,0.35,0.5725,4,9,0.106163,128675.46,5,belief,A_uniform,345867229,0,1,,9,9,5,9
76,hold_position,,,9,8,"too little to go on to commit: uncertainty 0.58, peak traceability 123777.34",1.0,retreat,0.35,0.5794,4,9,0.100059,123777.3382,5,belief,A_uniform,345867229,0,1,,10,9,5,9
77,hold_position,,,9,8,"too little to go on to commit: uncertainty 0.59, peak traceability 4342875.93",1.0,retreat,0.35,0.5856,5,9,0.097089,4342875.9325,5,belief,A_uniform,345867229,0,1,,10,10,6,9
78,hold_position,,,9,8,"too little to go on to commit: uncertainty 0.59, peak traceability 4336106.79",1.0,retreat,0.35,0.5913,5,9,0.095655,4336106.7913,5,belief,A_uniform,345867229,0,1,,10,11,6,9
79,hold_position,,,9,8,"too little to go on to commit: uncertainty 0.60, peak traceability 4291827.64",1.0,retreat,0.35,0.5965,5,9,0.093919,4291827.6367,5,belief,A_uniform,345867229,0,1,,10,12,6,9
0,search,6,4,11,3,"following the evidence: peak (6, 4) at 0.105, traceability 21.19",-33.4146,search,3.6832,0.595,6,4,0.105401,21.1856,0,belief,B_poi_weighted,7279928,1,1,21.1856,7,4,6,4
1,search,6,4,10,3,"following the evidence: peak (6, 4) at 0.109, traceability 16.61",-33.5126,search,7.8127,0.5986,6,4,0.109202,16.6079,0,belief,B_poi_weighted,7279928,1,1,18.1372,8,4,6,4
2,call_reinforcements,6,4,10,2,"following the evidence: peak (6, 4) at 0.291, traceability 120.90",-11.2175,hold_position,12.2175,0.42,6,4,0.29146,120.9048,0,belief,B_poi_weighted,7279928,1,1,35.1182,8,3,6,4
3,hold_position,,,10,2,"too little to go on to commit: uncertainty 0.41, peak traceability 150.46",1.0,retreat,0.35,0.4108,6,4,0.246651,150.46,0,belief,B_poi_weighted,7279928,0,1,,8,2,6,4
4,hold_position,,,10,2,"too little to go on to commit: uncertainty 0.43, peak traceability 151.02",1.0,retreat,0.35,0.427,6,4,0.211281,151.0203,0,belief,B_poi_weighted,7279928,0,1,,9,2,6,4
0,search,5,4,2,3,"following the evidence: peak (7, 6) at 0.064, traceability 12.91",-17.0734,search,0.4701,0.8546,7,6,0.064244,12.913,1,belief,B_poi_weighted,972299651,1,0,2.8743,6,6,7,6
1,call_reinforcements,7,6,3,3,"following the evidence: peak (7, 6) at 0.275, traceability 86.64",-9.8775,hold_position,10.8775,0.4745,7,6,0.2752,86.6362,1,belief,B_poi_weighted,972299651,1,1,34.7226,6,5,7,6
2,hold_position,,,3,3,"too little to go on to commit: uncertainty 0.70, peak traceability 69.65",1.025,retreat,0.35,0.6955,7,6,0.132298,69.6512,1,belief,B_poi_weighted,972299651,0,1,,6,4,7,5
3,hold_position,,,3,3,"too little to go on to commit: uncertainty 0.43, peak traceability 245.51",1.0,retreat,0.35,0.4312,7,6,0.276118,245.5122,1,belief,B_poi_weighted,972299651,0,1,,5,4,7,5
4,hold_position,,,3,3,"too little to go on to commit: uncertainty 0.43, peak traceability 329.28",1.0,retreat,0.35,0.4288,7,6,0.219443,329.2835,1,belief,B_poi_weighted,972299651,0,1,,4,4,7,5
5,hold_position,,,3,3,"too little to go on to commit: uncertainty 0.45, peak traceability 498.33",1.0,retreat,0.35,0.4456,7,5,0.237628,498.3331,1,belief,B_poi_weighted,972299651,0,1,,4,5,7,5
6,hold_position,,,3,3,"too little to go on to commit: uncertainty 0.47, peak traceability 562.47",1.0,retreat,0.35,0.4651,7,5,0.236821,562.4714,1,belief,B_poi_weighted,972299651,0,1,,4,6,7,5
7,hold_position,,,3,3,"too little to go on to commit: uncertainty 0.54, peak traceability 499.05",1.025,retreat,0.35,0.5377,7,5,0.189617,499.0451,1,belief,B_poi_weighted,972299651,0,1,,4,7,7,5
8,hold_position,,,3,3,"too little to go on to commit: uncertainty 0.47, peak traceability 2193.99",1.0,retreat,0.35,0.4688,7,6,0.197155,2193.9895,1,belief,B_poi_weighted,972299651,0,1,,4,6,7,5
9,hold_position,,,3,3,"too little to go on to commit: uncertainty 0.48, peak traceability 604.47",1.0,retreat,0.35,0.4844,7,5,0.196141,604.4721,1,belief,B_poi_weighted,972299651,0,1,,4,7,7,5
10,hold_position,,,3,3,"too little to go on to commit: uncertainty 0.50, peak traceability 648.99",1.0,retreat,0.35,0.5038,7,5,0.197943,648.995,1,belief,B_poi_weighted,972299651,0,1,,4,8,7,5
11,hold_position,,,3,3,"too little to go on to commit: uncertainty 0.57, peak traceability 557.09",1.025,retreat,0.35,0.5674,7,5,0.161003,557.0889,1,belief,B_poi_weighted,972299651,0,0,,5,8,7,5
12,search,7,6,3,3,"following the evidence: peak (7, 6) at 0.103, traceability 5171.45",-4.1003,search,1.7193,0.5687,7,6,0.10254,5171.4474,1,belief,B_poi_weighted,972299651,1,0,6.6952,6,8,4,4
13,search,7,4,4,3,"following the evidence: peak (7, 4) at 0.129, traceability 62.98",-12.9228,search,11.2823,0.5313,7,4,0.128888,62.9813,1,belief,B_poi_weighted,972299651,1,0,4.4694,7,8,4,4
14,search,6,6,4,4,"following the evidence: peak (6, 6) at 0.216, traceability 29004.47",-4.7661,hold_position,5.8661,0.5085,6,6,0.215566,29004.4729,1,belief,B_poi_weighted,972299651,1,0,7.524,8,8,4,4
15,search,6,6,5,4,"following the evidence: peak (6, 6) at 0.314, traceability 59907.95",-13.705,hold_position,14.83,0.479,6,6,0.31418,59907.9537,1,belief,B_poi_weighted,972299651,1,0,7.5658,9,8,4,4
16,hold_position,,,6,4,"too little to go on to commit: uncertainty 0.63, peak traceability 192919.79",1.15,retreat,0.35,0.6308,6,6,0.143835,192919.7919,1,belief,B_poi_weighted,972299651,0,0,,10,8,4,4
17,search,4,8,6,4,"following the evidence: peak (4, 8) at 0.070, traceability 32.98",-11.4173,search,4.9018,0.6672,4,8,0.070014,32.9803,1,belief,B_poi_weighted,972299651,1,1,1.3664,10,9,4,4
18,search,4,8,5,4,"following the evidence: peak (4, 8) at 0.079, traceability 33.41",-15.2517,search,9.6802,0.6395,4,8,0.078814,33.4057,1,belief,B_poi_weighted,972299651,1,0,1.379,10,10,4,4
19,search,3,9,4,4,"following the evidence: peak (3, 9) at 0.072, traceability 21.43",-24.0954,search,14.4603,0.628,3,9,0.071629,21.4337,1,belief,B_poi_weighted,972299651,1,0,0.278,10,11,4,4
20,search,2,8,4,5,"following the evidence: peak (2, 8) at 0.080, traceability 18.90",-23.4806,search,16.3817,0.6316,2,8,0.080037,18.9044,1,belief,B_poi_weighted,972299651,1,0,0.2267,10,12,4,4
21,search,2,8,4,6,"following the evidence: peak (2, 8) at 0.088, traceability 23.04",-25.3539,search,22.9275,0.6315,2,8,0.088345,23.039,1,belief,B_poi_weighted,972299651,1,0,0.2454,10,13,4,4
22,search,2,8,4,7,"following the evidence: peak (2, 8) at 0.115, traceability 36.69",-17.3173,hold_position,18.6173,0.6358,2,8,0.114528,36.6863,1,belief,B_poi_weighted,972299651,1,0,0.2633,10,14,4,4
23,hold_position,,,4,8,"too little to go on to commit: uncertainty 0.67, peak traceability 1612787.38",1.325,retreat,0.35,0.6706,7,6,0.101237,1612787.383,1,belief,B_poi_weighted,972299651,0,0,,10,15,4,4
24,flank,4,7,4,8,"following the evidence: peak (7, 6) at 0.131, traceability 1672626.54",0.637,hold_position,0.713,0.6032,7,6,0.130588,1672626.5435,1,belief,B_poi_weighted,972299651,1,0,2.6788,10,14,4,4
25,flank,4,7,4,7,"acting on weakly supported belief: traceability 150.04, 1% unaccounted for",0.04,hold_position,1.335,0.5921,7,6,0.125926,1070489.6699,1,belief,B_poi_weighted,972299651,1,0,2.6633,10,15,4,4
26,flank,4,7,4,7,"acting on weakly supported belief: traceability 143.32, 1% unaccounted for",0.0419,hold_position,1.3581,0.5919,7,6,0.119732,570028.261,1,belief,B_poi_weighted,972299651,1,0,2.6478,10,16,4,4
27,flank,4,7,4,7,"acting on weakly supported belief: traceability 131.18, 1% unaccounted for",0.0457,hold_position,1.3793,0.5933,7,6,0.114126,289873.8577,1,belief,B_poi_weighted,972299651,1,0,2.6325,9,16,4,4
28,flank,4,7,4,7,"acting on weakly supported belief: traceability 117.97, 1% unaccounted for",0.0509,hold_position,1.3991,0.5947,7,6,0.109227,153114.2581,1,belief,B_poi_weighted,972299651,1,0,2.6173,8,16,4,4
29,flank,4,7,4,7,"acting on weakly supported belief: traceability 110.41, 1% unaccounted for",0.0543,hold_position,1.4207,0.5961,7,5,0.107687,17415.6111,1,belief,B_poi_weighted,972299651,1,0,2.6023,7,16,4,4
30,flank,4,7,4,7,"acting on weakly supported belief: traceability 106.04, 1% unaccounted for",0.0566,hold_position,1.4434,0.5975,7,5,0.106098,11867.451,1,belief,B_poi_weighted,972299651,1,0,2.5877,6,16,4,4
31,flank,4,7,4,7,"acting on weakly supported belief: traceability 102.65, 1% unaccounted for",0.0585,hold_position,1.4665,0.5988,7,5,0.104488,8460.7904,1,belief,B_poi_weighted,972299651,1,0,2.5733,6,17,4,4
32,flank,4,7,4,7,"acting on weakly supported belief: traceability 98.87, 1% unaccounted for",0.0607,hold_position,1.4893,0.6003,7,5,0.102893,6260.713,1,belief,B_poi_weighted,972299651,1,0,2.5594,6,18,4,4
33,flank,4,7,4,7,"acting on weakly supported belief: traceability 93.37, 1% unaccounted for",0.0643,hold_position,1.5107,0.6017,7,5,0.101331,4778.0998,1,belief,B_poi_weighted,972299651,1,0,2.5458,6,19,4,4
34,flank,4,7,4,7,"acting on weakly supported belief: traceability 85.27, 1% unaccounted for",0.0704,hold_position,1.5296,0.6032,7,5,0.099813,3742.3198,1,belief,B_poi_weighted,972299651,1,0,2.5326,6,20,4,4
35,flank,4,7,4,7,"acting on weakly supported belief: traceability 74.85, 1% unaccounted for",0.0802,hold_position,1.5448,0.6048,7,5,0.098344,2996.1261,1,belief,B_poi_weighted,972299651,1,0,2.5198,6,21,4,4
36,flank,4,7,4,7,"acting on weakly supported belief: traceability 63.51, 2% unaccounted for",0.0945,hold_position,1.5555,0.6064,7,5,0.096925,2444.1749,1,belief,B_poi_weighted,972299651,1,0,2.5075,6,22,4,4
37,flank,4,7,4,7,"acting on weakly supported belief: traceability 52.78, 2% unaccounted for",0.1137,hold_position,1.5613,0.608,7,5,0.095557,2026.4654,1,belief,B_poi_weighted,972299651,1,0,2.4955,6,21,4,4
38,flank,4,7,4,7,"acting on weakly supported belief: traceability 43.60, 2% unaccounted for",0.1376,hold_position,1.5624,0.6097,7,5,0.094238,1703.9864,1,belief,B_poi_weighted,972299651,1,0,2.4841,6,20,4,4
39,flank,4,7,4,7,"acting on weakly supported belief: traceability 36.23, 3% unaccounted for",0.1656,hold_position,1.5594,0.6113,7,5,0.092966,1450.6338,1,belief,B_poi_weighted,972299651,1,0,2.473,6,19,4,4
40,flank,4,7,4,7,"acting on weakly supported belief: traceability 30.50, 3% unaccounted for",0.1967,hold_position,1.5533,0.613,7,5,0.09174,1248.4897,1,belief,B_poi_weighted,972299651,1,0,2.4623,6,18,4,4
41,flank,4,7,4,7,"acting on weakly supported belief: traceability 26.10, 4% unaccounted for",0.2299,search,0.499,0.6146,7,5,0.090556,1084.9731,1,belief,B_poi_weighted,972299651,1,0,2.4521,6,17,4,4
42,search,7,5,4,7,"following the evidence: peak (7, 5) at 0.089, traceability 951.07",-4.8664,search,2.6605,0.6163,7,5,0.089413,951.0688,1,belief,B_poi_weighted,972299651,1,0,4.7622,6,16,4,4
43,search,7,5,4,6,"following the evidence: peak (7, 5) at 0.090, traceability 860.69",-26.3964,search,13.7777,0.6156,7,5,0.090309,860.6926,1,belief,B_poi_weighted,972299651,1,0,4.7204,6,15,4,4
44,search,7,5,4,5,"following the evidence: peak (7, 5) at 0.104, traceability 895.31",-30.0525,search,14.0333,0.6111,7,5,0.104449,895.3113,1,belief,B_poi_weighted,972299651,1,0,4.6799,5,15,4,4
45,search,7,6,4,4,"following the evidence: peak (7, 6) at 0.141, traceability 3614.49",-11.0091,search,12.1834,0.6591,7,6,0.140683,3614.4853,1,belief,B_poi_weighted,972299651,1,0,4.8849,4,15,4,4
46,search,6,6,5,4,"following the evidence: peak (6, 6) at 0.125, traceability 8216.90",-5.0113,hold_position,6.9113,0.7087,6,6,0.124975,8216.8984,1,belief,B_poi_weighted,972299651,1,0,4.8567,4,16,4,4
47,search,11,2,6,4,"following the evidence: peak (11, 2) at 0.041, traceability 6.75",-1.7414,hold_position,3.6664,0.8006,11,2,0.041488,6.7482,1,belief,B_poi_weighted,972299651,1,0,0.2667,4,17,4,4
48,search,11,2,7,4,"following the evidence: peak (11, 2) at 0.047, traceability 7.90",-8.4999,hold_position,10.4499,0.7836,11,2,0.047372,7.9042,1,belief,B_poi_weighted,972299651,1,0,0.2814,3,17,4,4
49,search,11,2,8,4,"following the evidence: peak (11, 2) at 0.045, traceability 7.79",-9.2623,hold_position,11.2373,0.7746,11,2,0.045404,7.7909,1,belief,B_poi_weighted,972299651,1,0,0.2963,2,17,4,4
50,search,11,2,8,3,"following the evidence: peak (11, 2) at 0.040, traceability 7.63",-8.5694,hold_position,10.5694,0.7763,11,2,0.040155,7.6327,1,belief,B_poi_weighted,972299651,1,0,0.3112,1,17,4,4
51,hold_position,,,8,2,"too little to go on to commit: uncertainty 0.78, peak traceability 9.04",2.025,retreat,0.35,0.7776,1,14,0.039849,9.038,1,belief,B_poi_weighted,972299651,0,0,,2,17,4,4
52,search,10,15,8,2,"following the evidence: peak (1, 14) at 0.041, traceability 9.42",1.2049,hold_position,0.8451,0.7682,1,14,0.041058,9.4248,1,belief,B_poi_weighted,972299651,1,0,0.0018,3,17,4,4
53,search,10,15,7,2,"following the evidence: peak (1, 14) at 0.041, traceability 9.49",0.5017,hold_position,1.5733,0.7693,1,14,0.040595,9.489,1,belief,B_poi_weighted,972299651,1,0,0.002,4,17,4,4
54,search,10,15,6,2,"following the evidence: peak (1, 14) at 0.040, traceability 9.50",-0.0741,hold_position,2.1741,0.7729,1,14,0.039919,9.504,1,belief,B_poi_weighted,972299651,1,0,0.0022,4,16,4,4
55,search,10,15,6,3,"following the evidence: peak (1, 14) at 0.039, traceability 9.51",-0.6334,hold_position,2.7584,0.7766,1,14,0.039249,9.5132,1,belief,B_poi_weighted,972299651,1,0,0.0025,4,15,4,4
56,search,10,15,6,4,"following the evidence: peak (1, 14) at 0.039, traceability 9.52",-1.1728,hold_position,3.3228,0.7805,1,14,0.038574,9.5153,1,belief,B_poi_weighted,972299651,1,0,0.0027,5,15,4,4
57,search,10,15,5,4,"following the evidence: peak (1, 14) at 0.038, traceability 9.53",-1.7348,hold_position,3.9098,0.7835,1,14,0.037975,9.5252,1,belief,B_poi_weighted,972299651,1,0,0.003,4,15,4,4
58,search,10,15,4,4,"following the evidence: peak (1, 14) at 0.038, traceability 9.61",-2.4651,hold_position,4.6651,0.7828,1,14,0.037716,9.6118,1,belief,B_poi_weighted,972299651,1,0,0.0034,5,15,4,4
59,search,10,15,4,5,"following the evidence: peak (1, 14) at 0.037, traceability 9.69",-3.1695,hold_position,5.3945,0.7827,1,14,0.037429,9.6877,1,belief,B_poi_weighted,972299651,1,0,0.0037,6,15,4,4
60,search,10,15,4,6,"following the evidence: peak (1, 14) at 0.038, traceability 9.95",-4.3059,hold_position,6.5559,0.7791,1,14,0.037964,9.9544,1,belief,B_poi_weighted,972299651,1,0,0.004,6,16,4,4
61,search,10,15,4,7,"following the evidence: peak (1, 14) at 0.042, traceability 10.96",-6.8692,search,8.204,0.7678,1,14,0.041576,10.9586,1,belief,B_poi_weighted,972299651,1,0,0.0044,7,16,4,4
62,search,10,15,4,8,"following the evidence: peak (1, 14) at 0.052, traceability 13.74",-6.3027,search,5.8752,0.7497,1,14,0.052434,13.7395,1,belief,B_poi_weighted,972299651,1,0,0.0048,8,16,4,4
63,search,10,15,5,8,"following the evidence: peak (1, 14) at 0.057, traceability 15.23",-5.8409,search,5.0777,0.7371,1,14,0.057028,15.2328,1,belief,B_poi_weighted,972299651,1,1,0.0052,9,16,4,4
64,search,10,15,6,8,"following the evidence: peak (1, 14) at 0.061, traceability 16.60",-4.3211,search,3.308,0.7341,1,14,0.061036,16.5975,1,belief,B_poi_weighted,972299651,1,1,0.0056,10,16,4,4
65,search,2,14,7,8,"following the evidence: peak (2, 14) at 0.069, traceability 18.98",-2.7412,search,2.0153,0.7318,2,14,0.06939,18.9759,1,belief,B_poi_weighted,972299651,1,0,0.0726,10,15,4,4
66,search,2,14,6,8,"following the evidence: peak (2, 14) at 0.069, traceability 19.23",-7.2345,hold_position,9.6345,0.7343,2,14,0.068632,19.2304,1,belief,B_poi_weighted,972299651,1,0,0.0761,10,14,4,4
67,search,2,14,5,8,"following the evidence: peak (2, 14) at 0.068, traceability 19.47",-7.7211,hold_position,10.1461,0.7382,2,14,0.067854,19.469,1,belief,B_poi_weighted,972299651,1,0,0.0796,9,14,4,4
68,search,2,14,4,8,"following the evidence: peak (2, 14) at 0.068, traceability 20.06",-8.3255,hold_position,10.7755,0.7427,2,14,0.068382,20.0553,1,belief,B_poi_weighted,972299651,1,0,0.0831,8,14,4,4
69,search,2,14,3,8,"following the evidence: peak (2, 14) at 0.069, traceability 22.63",-5.5268,hold_position,8.0018,0.7533,2,14,0.068593,22.627,1,belief,B_poi_weighted,972299651,1,0,0.0867,8,13,4,4
70,search,10,14,2,8,"following the evidence: peak (10, 14) at 0.048, traceability 5.86",1.8686,hold_position,0.6314,0.784,10,14,0.047647,5.8645,1,belief,B_poi_weighted,972299651,1,1,0.0151,8,12,4,4
71,search,10,14,3,8,"following the evidence: peak (10, 14) at 0.046, traceability 5.78",-2.5643,hold_position,5.0893,0.7881,10,14,0.045841,5.7848,1,belief,B_poi_weighted,972299651,1,1,0.0159,8,11,4,4
72,hold_position,,,4,8,"too little to go on to commit: uncertainty 0.73, peak traceability 601.82",1.0,retreat,0.35,0.7346,8,11,0.17615,601.8227,1,belief,B_poi_weighted,972299651,0,1,,8,10,4,4
73,flank,4,7,4,8,"following the evidence: peak (8, 11) at 0.351, traceability 1187.73",0.6002,hold_position,0.3998,0.4877,8,11,0.351462,1187.7263,1,belief,B_poi_weighted,972299651,1,1,6.1362,7,10,3,3
74,flank,4,7,4,7,"acting on weakly supported belief: traceability 172841.46, 0% unaccounted for",0.0,hold_position,1.0,0.2614,8,10,0.639089,10966.7226,1,belief,B_poi_weighted,972299651,1,1,6.5797,6,10,3,3
75,flank,4,7,4,7,"acting on weakly supported belief: traceability 1227615.63, 0% unaccounted for",0.0,hold_position,1.0,0.2945,8,10,0.536133,5829.3295,1,belief,B_poi_weighted,972299651,1,1,6.7745,5,10,3,3
76,flank,4,7,4,7,"acting on weakly supported belief: traceability 2937616.19, 0% unaccounted for",0.0,hold_position,1.0,0.3542,8,10,0.412311,3528.8338,1,belief,B_poi_weighted,972299651,1,1,6.9331,4,10,3,3
77,flank,4,7,4,7,"acting on weakly supported belief: traceability 3235959.41, 0% unaccounted for",0.0,hold_position,1.025,0.4859,8,10,0.248518,1816.8484,1,belief,B_poi_weighted,972299651,1,1,6.7693,5,10,3,3
78,flank,4,7,4,7,"acting on weakly supported belief: traceability 3587621.85, 0% unaccounted for",0.0,hold_position,1.0,0.4319,8,10,0.306356,1994.5399,1,belief,B_poi_weighted,972299651,1,1,7.0409,6,10,3,3
79,flank,4,7,4,7,"acting on weakly supported belief: traceability 4677887.00, 0% unaccounted for",0.0,hold_position,1.0,0.4564,8,10,0.234062,1391.6877,1,belief,B_poi_weighted,972299651,1,1,7.1074,7,10,3,3
0,hold_position,,,12,20,"too little to go on to commit: uncertainty 0.54, peak traceability 19.00",-38.6539,search,2.6244,0.5435,9,21,0.094549,19.0044,2,belief,B_poi_weighted,1053741944,0,1,,9,20,9,21
1,hold_position,,,12,20,"too little to go on to commit: uncertainty 0.60, peak traceability 104.00",1.025,flank,0.0149,0.6027,9,21,0.092424,104.0021,2,belief,B_poi_weighted,1053741944,0,0,,9,19,9,21
2,flank,12,19,12,20,"following the evidence: peak (9, 21) at 0.064, traceability 408.84",0.6836,hold_position,0.3664,0.7542,9,21,0.064292,408.8433,2,belief,B_poi_weighted,1053741944,1,0,2.7233,9,18,9,21
3,search,9,20,12,19,"following the evidence: peak (9, 20) at 0.168, traceability 180.40",-4.4544,call_reinforcements,3.0982,0.5176,9,20,0.167783,180.4033,2,belief,B_poi_weighted,1053741944,1,1,24.9756,9,19,9,20
4,search,9,19,12,20,"following the evidence: peak (9, 19) at 0.258, traceability 112.33",-24.9649,call_reinforcements,16.4365,0.4177,9,19,0.25794,112.331,2,belief,B_poi_weighted,1053741944,1,1,27.72,9,18,9,20
5,search,9,18,11,20,"following the evidence: peak (9, 18) at 0.285, traceability 50.61",-26.2439,call_reinforcements,15.7173,0.4301,9,18,0.284546,50.6094,2,belief,B_poi_weighted,1053741944,1,1,8.1732,10,18,9,20
6,search,9,18,10,20,"following the evidence: peak (9, 18) at 0.279, traceability 58.23",-33.2409,search,14.5807,0.3775,9,18,0.27911,58.2339,2,belief,B_poi_weighted,1053741944,1,1,25.641,10,17,9,19
7,call_reinforcements,9,18,9,20,"following the evidence: peak (9, 18) at 0.228, traceability 333.16",-6.1713,hold_position,7.1713,0.4179,9,18,0.227591,333.1554,2,belief,B_poi_weighted,1053741944,1,1,22.9533,10,16,9,19
8,hold_position,,,9,20,"too little to go on to commit: uncertainty 0.45, peak traceability 1996.88",1.0,retreat,0.35,0.4456,9,18,0.194948,1996.8797,2,belief,B_poi_weighted,1053741944,0,1,,10,15,9,18
9,hold_position,,,9,20,"too little to go on to commit: uncertainty 0.47, peak traceability 12198.85",1.0,retreat,0.35,0.4662,9,18,0.172733,12198.846,2,belief,B_poi_weighted,1053741944,0,1,,10,14,9,18
10,hold_position,,,9,20,"too little to go on to commit: uncertainty 0.49, peak traceability 75285.16",1.025,retreat,0.35,0.4853,9,18,0.156211,75285.1586,2,belief,B_poi_weighted,1053741944,0,0,,9,14,9,18
11,hold_position,,,9,20,"too little to go on to commit: uncertainty 0.51, peak traceability 459377.21",1.05,retreat,0.35,0.5124,9,18,0.140861,459377.21,2,belief,B_poi_weighted,1053741944,0,0,,8,14,9,18
12,hold_position,,,9,20,"too little to go on to commit: uncertainty 0.57, peak traceability 2507027.75",1.075,retreat,0.35,0.567,9,18,0.115919,2507027.7456,2,belief,B_poi_weighted,1053741944,0,0,,8,13,9,18
13,search,6,16,9,20,"following the evidence: peak (6, 16) at 0.108, traceability 31.08",-6.6053,search,0.8443,0.6215,6,16,0.108231,31.0809,2,belief,B_poi_weighted,1053741944,1,0,0.6395,8,12,9,18
14,search,6,16,8,20,"following the evidence: peak (6, 16) at 0.146, traceability 41.14",-14.1874,search,4.7495,0.5899,6,16,0.145745,41.1444,2,belief,B_poi_weighted,1053741944,1,0,0.7978,8,11,9,18
15,search,6,16,8,19,"following the evidence: peak (6, 16) at 0.146, traceability 40.13",-17.6489,search,4.7602,0.5626,6,16,0.145767,40.1295,2,belief,B_poi_weighted,1053741944,1,0,0.9528,8,10,9,18
16,search,6,17,8,18,"following the evidence: peak (6, 17) at 0.130, traceability 24.45",-14.8022,search,1.8213,0.5694,6,17,0.129877,24.4463,2,belief,B_poi_weighted,1053741944,1,0,0.3305,7,10,9,18
17,search,6,17,8,17,"following the evidence: peak (6, 17) at 0.135, traceability 25.17",-16.5346,search,4.7791,0.5685,6,17,0.135249,25.1695,2,belief,B_poi_weighted,1053741944,1,0,0.4043,6,10,9,18
18,search,6,18,8,16,"following the evidence: peak (6, 18) at 0.119, traceability 18.38",-4.9372,search,0.9249,0.5879,6,18,0.118592,18.3779,2,belief,B_poi_weighted,1053741944,1,0,0.1817,5,10,9,18
19,search,6,18,7,16,"following the evidence: peak (6, 18) at 0.097, traceability 17.18",-9.1281,search,4.8776,0.5848,6,18,0.096961,17.1817,2,belief,B_poi_weighted,1053741944,1,0,0.2258,4,10,9,18
20,search,9,13,6,16,"following the evidence: peak (9, 13) at 0.120, traceability 19.58",-23.0785,search,8.0022,0.559,9,13,0.120433,19.5813,2,belief,B_poi_weighted,1053741944,1,0,0.1677,3,10,9,18
21,search,9,13,7,16,"following the evidence: peak (9, 13) at 0.117, traceability 19.10",-27.9408,search,11.6938,0.5598,9,13,0.116946,19.0987,2,belief,B_poi_weighted,1053741944,1,0,0.2018,2,10,9,18
22,search,9,13,8,16,"following the evidence: peak (9, 13) at 0.117, traceability 19.16",-29.6363,search,12.7746,0.5601,9,13,0.116812,19.1586,2,belief,B_poi_weighted,1053741944,1,0,0.2378,2,11,9,18
23,search,9,13,9,16,"following the evidence: peak (9, 13) at 0.114, traceability 18.86",-30.549,search,12.8476,0.5656,9,13,0.114489,18.8593,2,belief,B_poi_weighted,1053741944,1,0,0.2754,2,12,9,18
24,search,8,13,10,16,"following the evidence: peak (8, 13) at 0.180, traceability 46.68",-8.6542,hold_position,10.0292,0.5934,8,13,0.179944,46.6843,2,belief,B_poi_weighted,1053741944,1,0,0.172,2,13,9,18
25,search,8,14,10,15,"following the evidence: peak (8, 14) at 0.176, traceability 109.93",-3.0389,hold_position,4.4389,0.6189,8,14,0.176458,109.9338,2,belief,B_poi_weighted,1053741944,1,0,0.3711,2,14,9,18
26,hold_position,,,10,14,"too little to go on to commit: uncertainty 0.64, peak traceability 118.17",1.425,retreat,0.35,0.6395,6,19,0.133121,118.1669,2,belief,B_poi_weighted,1053741944,0,0,,2,13,9,18
27,flank,10,15,10,14,"following the evidence: peak (6, 19) at 0.150, traceability 134.37",0.6238,hold_position,0.8262,0.6024,6,19,0.150391,134.3747,2,belief,B_poi_weighted,1053741944,1,0,3.5847,2,12,9,18
28,hold_position,,,10,15,"too little to go on to commit: uncertainty 0.60, peak traceability 112.63",1.475,retreat,0.35,0.5976,6,20,0.149111,112.6349,2,belief,B_poi_weighted,1053741944,0,0,,2,11,9,18
29,hold_position,,,10,15,"too little to go on to commit: uncertainty 0.60, peak traceability 114.05",1.5,retreat,0.35,0.5986,6,20,0.148518,114.054,2,belief,B_poi_weighted,1053741944,0,0,,2,10,9,18
30,hold_position,,,10,15,"too little to go on to commit: uncertainty 0.60, peak traceability 115.23",1.525,retreat,0.35,0.6006,6,20,0.147808,115.2286,2,belief,B_poi_weighted,1053741944,0,0,,3,10,9,18
31,hold_position,,,10,15,"too little to go on to commit: uncertainty 0.60, peak traceability 116.31",1.55,retreat,0.35,0.6026,6,20,0.147137,116.3097,2,belief,B_poi_weighted,1053741944,0,0,,4,10,9,18
32,hold_position,,,10,15,"too little to go on to commit: uncertainty 0.60, peak traceability 117.32",1.575,retreat,0.35,0.6044,6,20,0.146511,117.3239,2,belief,B_poi_weighted,1053741944,0,0,,5,10,9,18
33,hold_position,,,10,15,"too little to go on to commit: uncertainty 0.61, peak traceability 118.28",1.6,retreat,0.35,0.6061,6,20,0.145922,118.278,2,belief,B_poi_weighted,1053741944,0,0,,6,10,9,18
34,hold_position,,,10,15,"too little to go on to commit: uncertainty 0.61, peak traceability 119.17",1.625,retreat,0.35,0.6077,6,20,0.145361,119.174,2,belief,B_poi_weighted,1053741944,0,0,,7,10,9,18
35,hold_position,,,10,15,"too little to go on to commit: uncertainty 0.61, peak traceability 120.01",1.65,retreat,0.35,0.6092,6,20,0.144821,120.012,2,belief,B_poi_weighted,1053741944,0,1,,8,10,9,18
36,hold_position,,,10,15,"too little to go on to commit: uncertainty 0.65, peak traceability 83.70",1.0,retreat,0.35,0.6485,6,20,0.099984,83.6958,2,belief,B_poi_weighted,1053741944,0,1,,9,10,9,18
37,hold_position,,,10,15,"too little to go on to commit: uncertainty 0.64, peak traceability 113.91",1.025,retreat,0.35,0.6448,6,20,0.134793,113.9082,2,belief,B_poi_weighted,1053741944,0,1,,10,10,9,18
38,flank,10,15,10,15,"acting on weakly supported belief: traceability 515016.05, 0% unaccounted for",0.0,hold_position,1.0,0.661,8,10,0.098372,127.3058,2,belief,B_poi_weighted,1053741944,1,1,7.8875,10,11,9,18
39,flank,10,15,10,15,"acting on weakly supported belief: traceability 1369957.75, 0% unaccounted for",0.0,hold_position,1.0,0.5729,8,10,0.11479,151.3067,2,belief,B_poi_weighted,1053741944,1,1,8.2862,10,12,9,18
40,flank,10,15,10,15,"acting on weakly supported belief: traceability 2305787.50, 0% unaccounted for",0.0,hold_position,1.0,0.5658,9,17,0.098033,204167.4105,2,belief,B_poi_weighted,1053741944,1,1,8.6282,10,13,9,18
41,flank,10,15,10,15,"acting on weakly supported belief: traceability 2857908.11, 0% unaccounted for",0.0,hold_position,1.0,0.5808,9,17,0.096646,185462.6488,2,belief,B_poi_weighted,1053741944,1,1,8.9181,10,14,9,18
42,flank,10,15,10,15,"acting on weakly supported belief: traceability 3133563.24, 0% unaccounted for",0.0,hold_position,1.0,0.5936,9,17,0.091682,163343.1024,2,belief,B_poi_weighted,1053741944,1,1,9.1703,10,15,9,18
0,search,4,16,2,20,"following the evidence: peak (4, 12) at 0.070, traceability 14.07",-15.8379,search,1.997,0.8608,4,12,0.070023,14.0746,3,belief,B_poi_weighted,835894097,1,1,3.1329,5,12,4,12
1,search,5,12,3,20,"following the evidence: peak (5, 12) at 0.078, traceability 12.41",-7.6721,search,7.8629,0.8523,5,12,0.077572,12.415,3,belief,B_poi_weighted,835894097,1,1,12.0283,6,12,5,12
2,search,5,12,4,20,"following the evidence: peak (5, 12) at 0.083, traceability 12.85",-10.1529,search,10.9037,0.8641,5,12,0.082871,12.8456,3,belief,B_poi_weighted,835894097,1,1,11.5734,6,13,5,12
3,search,5,12,4,19,"following the evidence: peak (5, 12) at 0.069, traceability 14.09",-6.2127,hold_position,7.2877,0.9005,5,12,0.068711,14.0931,3,belief,B_poi_weighted,835894097,1,1,11.2002,6,12,5,12
4,search,6,13,4,18,"following the evidence: peak (6, 13) at 0.051, traceability 10.51",0.992,hold_position,0.108,0.9354,6,13,0.050654,10.5113,3,belief,B_poi_weighted,835894097,1,1,7.6538,6,13,5,13
5,hold_position,,,4,17,"too little to go on to commit: uncertainty 0.96, peak traceability 7.36",1.125,retreat,0.35,0.9632,6,14,0.025103,7.36,3,belief,B_poi_weighted,835894097,0,1,,5,13,5,13
6,call_reinforcements,6,13,4,17,"following the evidence: peak (6, 13) at 0.193, traceability 303.70",-3.4007,flank,4.0273,0.6898,6,13,0.193002,303.7,3,belief,B_poi_weighted,835894097,1,1,15.5788,5,14,5,13
7,flank,4,16,4,17,"following the evidence: peak (5, 14) at 0.040, traceability 89.71",0.6133,hold_position,0.4117,0.939,5,14,0.040184,89.708,3,belief,B_poi_weighted,835894097,1,1,7.0284,6,14,5,13
8,search,6,15,4,16,"following the evidence: peak (6, 15) at 0.014, traceability 6.42",-1.312,flank,1.3238,0.9679,6,15,0.013895,6.4184,3,belief,B_poi_weighted,835894097,1,1,3.0382,6,15,5,13
9,hold_position,,,4,15,"too little to go on to commit: uncertainty 0.77, peak traceability 62.50",1.0,retreat,0.35,0.771,6,16,0.108987,62.4991,3,belief,B_poi_weighted,835894097,0,1,,6,16,5,13
10,flank,4,16,4,15,"following the evidence: peak (6, 16) at 0.126, traceability 124.26",0.6004,hold_position,0.3996,0.5628,6,16,0.126268,124.2644,3,belief,B_poi_weighted,835894097,1,0,7.6612,7,16,5,13
11,flank,4,16,4,16,"acting on weakly supported belief: traceability 14499.89, 0% unaccounted for",0.0004,hold_position,1.0246,0.5496,6,16,0.146222,108.8493,3,belief,B_poi_weighted,835894097,1,0,7.6432,8,16,5,13
12,flank,4,16,4,16,"acting on weakly supported belief: traceability 12256.15, 0% unaccounted for",0.0005,search,1.0324,0.5487,6,16,0.139467,91.067,3,belief,B_poi_weighted,835894097,1,0,7.6159,9,16,5,13
13,search,10,15,4,16,"following the evidence: peak (8, 16) at 0.196, traceability 187.64",-0.9392,flank,0.9485,0.4571,8,16,0.196426,187.6396,3,belief,B_poi_weighted,835894097,1,1,0.0118,10,16,5,13
14,search,10,15,4,15,"following the evidence: peak (10, 16) at 0.157, traceability 30.28",-17.7506,search,3.0718,0.5261,10,16,0.157065,30.2776,3,belief,B_poi_weighted,835894097,1,1,0.0206,10,15,5,13
15,search,10,15,5,15,"following the evidence: peak (10, 16) at 0.201, traceability 43.62",-17.4295,search,3.2757,0.5358,10,16,0.200652,43.6154,3,belief,B_poi_weighted,835894097,1,1,0.0307,10,14,5,13
16,search,10,15,6,15,"following the evidence: peak (10, 16) at 0.220, traceability 48.20",-19.9298,search,3.3138,0.5162,10,16,0.22015,48.1962,3,belief,B_poi_weighted,835894097,1,1,0.0424,10,15,5,13
17,search,10,15,6,16,"following the evidence: peak (10, 15) at 0.229, traceability 41.56",-22.8136,hold_position,23.9136,0.5558,10,15,0.228522,41.5575,3,belief,B_poi_weighted,835894097,1,1,0.0557,10,14,5,13
18,search,10,15,7,16,"following the evidence: peak (10, 15) at 0.228, traceability 47.06",-27.0297,hold_position,28.1547,0.5579,10,15,0.227922,47.0565,3,belief,B_poi_weighted,835894097,1,1,0.0703,10,15,5,13
19,search,10,14,8,16,"following the evidence: peak (10, 14) at 0.258, traceability 40.63",-18.4986,search,4.2148,0.5939,10,14,0.258243,40.6325,3,belief,B_poi_weighted,835894097,1,1,0.0282,10,14,5,13
20,search,10,14,9,16,"following the evidence: peak (10, 14) at 0.222, traceability 39.92",-26.7443,search,12.831,0.6056,10,14,0.222279,39.9158,3,belief,B_poi_weighted,835894097,1,1,0.0358,9,14,5,13
21,search,8,14,10,16,"following the evidence: peak (8, 14) at 0.080, traceability 20.35",-0.2554,hold_position,1.4554,0.8165,8,14,0.079772,20.3496,3,belief,B_poi_weighted,835894097,1,1,0.0029,8,14,5,13
22,hold_position,,,10,15,"too little to go on to commit: uncertainty 0.50, peak traceability 208.93",1.0,retreat,0.35,0.5025,9,14,0.238843,208.9304,3,belief,B_poi_weighted,835894097,0,1,,8,13,8,17
23,flank,10,15,10,15,"acting on weakly supported belief: traceability 5839.53, 0% unaccounted for",0.001,hold_position,0.999,0.4847,9,14,0.177551,269.9165,3,belief,B_poi_weighted,835894097,1,1,8.6,8,12,9,17
24,flank,10,15,10,15,"acting on weakly supported belief: traceability 26411.92, 0% unaccounted for",0.0002,hold_position,1.0248,0.5494,9,13,0.136659,3363.3151,3,belief,B_poi_weighted,835894097,1,1,9.5582,8,11,9,17
25,flank,10,15,10,15,"acting on weakly supported belief: traceability 74260.26, 0% unaccounted for",0.0001,hold_position,0.9999,0.5018,9,14,0.169222,783.8906,3,belief,B_poi_weighted,835894097,1,1,10.9642,8,10,9,17
26,flank,10,15,10,15,"acting on weakly supported belief: traceability 152365.08, 0% unaccounted for",0.0,hold_position,1.025,0.5494,9,13,0.128133,11077.517,3,belief,B_poi_weighted,835894097,1,0,11.2064,7,10,9,17
27,search,8,14,10,15,"following the evidence: peak (8, 14) at 0.166, traceability 1086.21",-5.8021,flank,5.8021,0.5938,8,14,0.166353,1086.2123,3,belief,B_poi_weighted,835894097,1,0,0.5828,6,10,9,17
28,hold_position,,,10,14,"too little to go on to commit: uncertainty 0.78, peak traceability 5416.62",1.075,retreat,0.35,0.777,8,14,0.086873,5416.6205,3,belief,B_poi_weighted,835894097,0,0,,5,10,9,17
29,flank,10,15,10,14,"following the evidence: peak (9, 14) at 0.026, traceability 16293.88",0.6,hold_position,0.5,0.9103,9,14,0.025775,16293.8767,3,belief,B_poi_weighted,835894097,1,0,11.1357,4,10,9,17
30,flank,10,15,10,15,"acting on weakly supported belief: traceability 100154.63, 0% unaccounted for",0.0001,hold_position,1.1249,0.9189,8,16,0.023851,3816.6096,3,belief,B_poi_weighted,835894097,1,0,10.9999,4,9,9,17
31,flank,10,15,10,15,"acting on weakly supported belief: traceability 73130.51, 0% unaccounted for",0.0001,hold_position,1.1499,0.9169,7,16,0.021895,1327.6896,3,belief,B_poi_weighted,835894097,1,0,10.8491,4,8,9,17
32,flank,10,15,10,15,"acting on weakly supported belief: traceability 38892.35, 0% unaccounted for",0.0002,hold_position,1.1748,0.9179,7,16,0.019931,1135.7927,3,belief,B_poi_weighted,835894097,1,0,10.6901,4,7,9,17
33,search,7,9,10,15,"following the evidence: peak (7, 9) at 0.019, traceability 3.43",-1.1688,hold_position,2.3688,0.9194,7,9,0.018944,3.428,3,belief,B_poi_weighted,835894097,1,0,0.0024,4,6,9,17
34,hold_position,,,10,14,"too little to go on to commit: uncertainty 0.92, peak traceability 2.08",1.225,retreat,0.35,0.9188,6,9,0.016902,2.075,3,belief,B_poi_weighted,835894097,0,0,,3,6,9,17
35,search,6,9,10,14,"following the evidence: peak (6, 9) at 0.016, traceability 2.07",-0.3025,hold_position,1.5525,0.9192,6,9,0.0163,2.0659,3,belief,B_poi_weighted,835894097,1,0,0.0011,2,6,9,17
36,hold_position,,,9,14,"too little to go on to commit: uncertainty 0.92, peak traceability 3.29",1.275,retreat,0.35,0.9205,11,21,0.015889,3.2918,3,belief,B_poi_weighted,835894097,0,0,,2,5,9,17
37,hold_position,,,9,14,"too little to go on to commit: uncertainty 0.92, peak traceability 3.32",1.3,retreat,0.35,0.9218,11,21,0.015723,3.3207,3,belief,B_poi_weighted,835894097,0,0,,2,4,9,17
38,hold_position,,,9,14,"too little to go on to commit: uncertainty 0.92, peak traceability 3.34",1.325,retreat,0.35,0.9233,11,21,0.015525,3.3408,3,belief,B_poi_weighted,835894097,0,0,,2,3,9,17
39,hold_position,,,9,14,"too little to go on to commit: uncertainty 0.92, peak traceability 3.36",1.35,retreat,0.35,0.9246,11,21,0.015334,3.358,3,belief,B_poi_weighted,835894097,0,0,,2,2,9,17
40,hold_position,,,9,14,"too little to go on to commit: uncertainty 0.93, peak traceability 3.37",1.375,retreat,0.35,0.9256,11,21,0.015155,3.3734,3,belief,B_poi_weighted,835894097,0,0,,3,2,9,17
41,hold_position,,,9,14,"too little to go on to commit: uncertainty 0.93, peak traceability 3.39",1.4,retreat,0.35,0.9265,11,21,0.014986,3.3869,3,belief,B_poi_weighted,835894097,0,0,,4,2,9,17
42,hold_position,,,9,14,"too little to go on to commit: uncertainty 0.93, peak traceability 3.40",1.425,retreat,0.35,0.9272,11,21,0.014826,3.3985,3,belief,B_poi_weighted,835894097,0,0,,4,3,9,17
43,hold_position,,,9,14,"too little to go on to commit: uncertainty 0.93, peak traceability 3.41",1.45,retreat,0.35,0.9279,11,21,0.014672,3.4081,3,belief,B_poi_weighted,835894097,0,0,,4,4,9,17
44,hold_position,,,9,14,"too little to go on to commit: uncertainty 0.93, peak traceability 3.42",1.475,retreat,0.35,0.9284,11,21,0.014523,3.4156,3,belief,B_poi_weighted,835894097,0,0,,5,4,9,17
45,hold_position,,,9,14,"too little to go on to commit: uncertainty 0.93, peak traceability 3.42",1.5,retreat,0.35,0.9288,11,21,0.014378,3.4211,3,belief,B_poi_weighted,835894097,0,0,,6,4,9,17
46,hold_position,,,9,14,"too little to go on to commit: uncertainty 0.93, peak traceability 3.42",1.525,retreat,0.35,0.9292,11,21,0.014237,3.4247,3,belief,B_poi_weighted,835894097,0,0,,6,3,9,17
47,hold_position,,,9,14,"too little to go on to commit: uncertainty 0.93, peak traceability 3.43",1.55,retreat,0.35,0.9295,11,21,0.0141,3.4265,3,belief,B_poi_weighted,835894097,0,0,,6,2,9,17
48,hold_position,,,9,14,"too little to go on to commit: uncertainty 0.93, peak traceability 3.43",1.575,retreat,0.35,0.9298,11,21,0.013966,3.4267,3,belief,B_poi_weighted,835894097,0,0,,6,1,9,17
49,hold_position,,,9,14,"too little to go on to commit: uncertainty 0.93, peak traceability 3.43",1.6,retreat,0.35,0.9301,11,21,0.013835,3.4254,3,belief,B_poi_weighted,835894097,0,0,,6,2,9,17
50,hold_position,,,9,14,"too little to go on to commit: uncertainty 0.93, peak traceability 3.42",1.625,retreat,0.35,0.9303,11,21,0.013708,3.4227,3,belief,B_poi_weighted,835894097,0,0,,6,3,9,17
51,hold_position,,,9,14,"too little to go on to commit: uncertainty 0.93, peak traceability 1.21",1.65,retreat,0.35,0.9305,12,18,0.01376,1.2084,3,belief,B_poi_weighted,835894097,0,0,,6,4,9,17
52,hold_position,,,9,14,"too little to go on to commit: uncertainty 0.93, peak traceability 1.22",1.675,retreat,0.35,0.9307,12,18,0.013863,1.2216,3,belief,B_poi_weighted,835894097,0,0,,5,4,9,17
53,hold_position,,,9,14,"too little to go on to commit: uncertainty 0.93, peak traceability 1.23",1.7,retreat,0.35,0.9309,12,18,0.01396,1.2343,3,belief,B_poi_weighted,835894097,0,0,,6,4,9,17
54,hold_position,,,9,14,"too little to go on to commit: uncertainty 0.93, peak traceability 1.25",1.725,retreat,0.35,0.9311,12,18,0.014052,1.2465,3,belief,B_poi_weighted,835894097,0,0,,5,4,9,17
55,hold_position,,,9,14,"too little to go on to commit: uncertainty 0.93, peak traceability 1.26",1.75,retreat,0.35,0.9312,12,18,0.014139,1.2582,3,belief,B_poi_weighted,835894097,0,0,,6,4,9,17
56,hold_position,,,9,14,"too little to go on to commit: uncertainty 0.93, peak traceability 1.27",1.775,retreat,0.35,0.9313,12,18,0.014221,1.2694,3,belief,B_poi_weighted,835894097,0,0,,5,4,9,17
57,hold_position,,,9,14,"too little to go on to commit: uncertainty 0.93, peak traceability 1.28",1.8,retreat,0.35,0.9315,12,18,0.014298,1.2802,3,belief,B_poi_weighted,835894097,0,0,,4,4,9,17
58,hold_position,,,9,14,"too little to go on to commit: uncertainty 0.93, peak traceability 1.29",1.825,retreat,0.35,0.9316,12,18,0.014371,1.2905,3,belief,B_poi_weighted,835894097,0,0,,4,5,9,17
59,hold_position,,,9,14,"too little to go on to commit: uncertainty 0.93, peak traceability 1.30",1.85,retreat,0.35,0.9317,12,18,0.01444,1.3005,3,belief,B_poi_weighted,835894097,0,0,,4,6,9,17
60,hold_position,,,9,14,"too little to go on to commit: uncertainty 0.93, peak traceability 1.31",1.875,retreat,0.35,0.9318,12,18,0.014506,1.31,3,belief,B_poi_weighted,835894097,0,0,,4,7,9,17
61,hold_position,,,9,14,"too little to go on to commit: uncertainty 0.93, peak traceability 1.32",1.9,retreat,0.35,0.9319,12,18,0.014568,1.3191,3,belief,B_poi_weighted,835894097,0,0,,4,8,9,17
62,hold_position,,,9,14,"too little to go on to commit: uncertainty 0.93, peak traceability 1.33",1.925,retreat,0.35,0.932,12,18,0.014627,1.3279,3,belief,B_poi_weighted,835894097,0,0,,5,8,9,17
63,hold_position,,,9,14,"too little to go on to commit: uncertainty 0.93, peak traceability 1.34",1.95,retreat,0.35,0.9321,12,18,0.014682,1.3363,3,belief,B_poi_weighted,835894097,0,0,,6,8,9,17
64,hold_position,,,9,14,"too little to go on to commit: uncertainty 0.93, peak traceability 1.34",1.975,retreat,0.35,0.9321,12,18,0.014735,1.3444,3,belief,B_poi_weighted,835894097,0,0,,5,8,9,17
65,hold_position,,,9,14,"too little to go on to commit: uncertainty 0.93, peak traceability 1.35",2.0,retreat,0.35,0.9322,12,18,0.014786,1.3522,3,belief,B_poi_weighted,835894097,0,0,,5,9,9,17
66,hold_position,,,9,14,"too little to go on to commit: uncertainty 0.93, peak traceability 1.36",2.025,retreat,0.35,0.9323,12,18,0.014833,1.3596,3,belief,B_poi_weighted,835894097,0,0,,6,9,9,17
67,hold_position,,,9,14,"too little to go on to commit: uncertainty 0.92, peak traceability 82.23",1.0,retreat,0.35,0.9166,7,9,0.049202,82.2311,3,belief,B_poi_weighted,835894097,0,1,,7,9,10,15
68,hold_position,,,9,14,"too little to go on to commit: uncertainty 0.67, peak traceability 333.48",1.0,retreat,0.35,0.6689,7,9,0.197734,333.4781,3,belief,B_poi_weighted,835894097,0,1,,8,9,10,14
69,hold_position,,,9,14,"too little to go on to commit: uncertainty 0.46, peak traceability 398.97",1.0,retreat,0.35,0.4573,7,9,0.234517,398.965,3,belief,B_poi_weighted,835894097,0,1,,9,9,10,14
70,hold_position,,,9,14,"too little to go on to commit: uncertainty 0.45, peak traceability 342.41",1.0,retreat,0.35,0.4519,7,9,0.199598,342.4082,3,belief,B_poi_weighted,835894097,0,1,,9,10,10,14
71,hold_position,,,9,14,"too little to go on to commit: uncertainty 0.48, peak traceability 285.89",1.0,retreat,0.35,0.4813,7,9,0.165322,285.8937,3,belief,B_poi_weighted,835894097,0,1,,10,10,10,14
72,hold_position,,,9,14,"too little to go on to commit: uncertainty 0.51, peak traceability 240.11",1.0,retreat,0.35,0.509,7,9,0.13778,240.1144,3,belief,B_poi_weighted,835894097,0,1,,10,11,10,14
73,hold_position,,,9,14,"too little to go on to commit: uncertainty 0.53, peak traceability 7961.68",1.0,flank,0.2028,0.5313,8,9,0.11693,7961.675,3,belief,B_poi_weighted,835894097,0,1,,10,12,10,14
74,hold_position,,,9,14,"too little to go on to commit: uncertainty 0.53, peak traceability 178840.23",1.0,retreat,0.35,0.5267,10,14,0.216176,178840.2318,3,belief,B_poi_weighted,835894097,0,1,,10,13,9,13
75,hold_position,,,9,14,"too little to go on to commit: uncertainty 0.53, peak traceability 141395.38",1.0,retreat,0.35,0.5266,10,14,0.177804,141395.3769,3,belief,B_poi_weighted,835894097,0,1,,10,14,9,13
0,search,9,18,8,12,"following the evidence: peak (9, 18) at 0.053, traceability 10.58",-18.6938,search,2.6437,0.8454,9,18,0.05262,10.5767,4,belief,B_poi_weighted,11117006,1,1,10.5767,10,18,9,18
1,call_reinforcements,10,17,9,12,"following the evidence: peak (10, 17) at 0.397, traceability 160.45",-19.7236,hold_position,20.7236,0.5463,10,17,0.39748,160.4476,4,belief,B_poi_weighted,11117006,1,1,52.159,10,17,10,17
2,hold_position,,,9,12,"too little to go on to commit: uncertainty 0.45, peak traceability 202.21",1.0,retreat,0.35,0.4489,10,17,0.359831,202.2136,4,belief,B_poi_weighted,11117006,0,1,,10,16,10,17
3,hold_position,,,9,12,"too little to go on to commit: uncertainty 0.47, peak traceability 183.26",1.0,retreat,0.35,0.4662,10,17,0.269703,183.2638,4,belief,B_poi_weighted,11117006,0,1,,10,15,10,16
4,hold_position,,,9,12,"too little to go on to commit: uncertainty 0.49, peak traceability 370.46",1.0,retreat,0.35,0.4912,10,16,0.230581,370.46,4,belief,B_poi_weighted,11117006,0,1,,10,14,10,16
5,hold_position,,,9,12,"too little to go on to commit: uncertainty 0.51, peak traceability 372.91",1.0,retreat,0.35,0.511,10,16,0.211661,372.9067,4,belief,B_poi_weighted,11117006,0,1,,9,14,10,16
6,hold_position,,,9,12,"too little to go on to commit: uncertainty 0.53, peak traceability 362.15",1.0,retreat,0.35,0.5262,10,16,0.191619,362.151,4,belief,B_poi_weighted,11117006,0,1,,9,13,10,15
7,hold_position,,,9,12,"too little to go on to commit: uncertainty 0.57, peak traceability 322.76",1.025,retreat,0.35,0.5664,10,16,0.161283,322.7555,4,belief,B_poi_weighted,11117006,0,1,,8,13,10,15
8,hold_position,,,9,12,"too little to go on to commit: uncertainty 0.55, peak traceability 350.55",1.0,retreat,0.35,0.5457,10,16,0.166838,350.5456,4,belief,B_poi_weighted,11117006,0,1,,8,12,10,15
0,search,1,11,11,3,"following the evidence: peak (1, 11) at 0.059, traceability 11.79",-11.443,hold_position,10.0065,0.8494,1,11,0.058658,11.7903,5,belief,B_poi_weighted,345867229,1,1,11.7903,1,12,1,11
1,search,1,11,10,3,"following the evidence: peak (1, 11) at 0.059, traceability 10.63",-13.133,hold_position,14.158,0.8336,1,11,0.058877,10.6332,5,belief,B_poi_weighted,345867229,1,1,11.2896,2,12,1,11
2,search,1,11,10,2,"following the evidence: peak (1, 11) at 0.057, traceability 9.78",-14.3162,hold_position,15.3662,0.8235,1,11,0.056874,9.7783,5,belief,B_poi_weighted,345867229,1,1,10.753,2,11,1,11
3,search,1,11,9,2,"following the evidence: peak (1, 11) at 0.055, traceability 9.12",-15.2392,hold_position,16.3142,0.8186,1,11,0.054596,9.1218,5,belief,B_poi_weighted,345867229,1,1,10.25,2,10,1,11
4,search,1,11,8,2,"following the evidence: peak (1, 11) at 0.053, traceability 8.57",-16.0709,search,16.318,0.815,1,11,0.052547,8.5731,5,belief,B_poi_weighted,345867229,1,1,9.7984,3,10,1,11
5,search,1,11,7,2,"following the evidence: peak (1, 11) at 0.050, traceability 8.19",-16.6687,search,15.5522,0.8156,1,11,0.050396,8.1916,5,belief,B_poi_weighted,345867229,1,1,9.3963,3,9,1,11
6,search,1,11,6,2,"following the evidence: peak (1, 11) at 0.048, traceability 7.87",-17.2102,search,14.7845,0.8174,1,11,0.048455,7.8739,5,belief,B_poi_weighted,345867229,1,1,9.0378,4,9,1,11
7,search,3,9,6,3,"following the evidence: peak (3, 9) at 0.091, traceability 12.09",-26.5036,search,4.9462,0.6787,3,9,0.090671,12.0887,5,belief,B_poi_weighted,345867229,1,1,15.1895,5,9,3,9
8,search,3,9,6,4,"following the evidence: peak (3, 9) at 0.081, traceability 10.00",-31.1549,search,9.1439,0.6831,3,9,0.081082,10.0023,5,belief,B_poi_weighted,345867229,1,1,13.4202,6,9,3,9
9,search,3,9,5,4,"following the evidence: peak (3, 9) at 0.074, traceability 8.81",-31.7066,search,9.2154,0.687,3,9,0.074441,8.8131,5,belief,B_poi_weighted,345867229,1,1,12.2247,7,9,3,9
10,search,2,9,4,4,"following the evidence: peak (2, 9) at 0.084, traceability 8.91",-23.7166,search,14.5576,0.6995,2,9,0.083861,8.9057,5,belief,B_poi_weighted,345867229,1,1,10.1541,8,9,3,9
11,search,2,9,4,5,"following the evidence: peak (2, 9) at 0.086, traceability 9.88",-28.008,hold_position,29.108,0.7073,2,9,0.085505,9.8792,5,belief,B_poi_weighted,345867229,1,1,9.6564,8,10,3,9
12,search,2,9,4,6,"following the evidence: peak (2, 9) at 0.089, traceability 12.06",-25.7215,hold_position,26.8465,0.7169,2,9,0.089171,12.0618,5,belief,B_poi_weighted,345867229,1,1,9.308,8,9,3,9
13,search,2,8,4,7,"following the evidence: peak (2, 8) at 0.095, traceability 18.44",-13.2392,hold_position,14.3892,0.7681,2,8,0.095034,18.4428,5,belief,B_poi_weighted,345867229,1,1,8.4932,8,8,3,9
14,hold_position,,,4,8,"too little to go on to commit: uncertainty 0.62, peak traceability 43.99",1.0,retreat,0.35,0.6235,1,12,0.122036,43.989,5,belief,B_poi_weighted,345867229,0,1,,9,8,3,9
15,flank,4,7,4,8,"following the evidence: peak (2, 8) at 0.099, traceability 1096.95",0.6072,hold_position,0.3928,0.6115,2,8,0.099431,1096.9461,5,belief,B_poi_weighted,345867229,1,0,4.7786,10,8,3,9
16,flank,4,7,4,7,"acting on weakly supported belief: traceability 1412.53, 0% unaccounted for",0.0042,hold_position,1.0208,0.6029,2,8,0.12948,1884.865,5,belief,B_poi_weighted,345867229,1,0,4.8551,10,9,3,9
17,flank,4,7,4,7,"acting on weakly supported belief: traceability 1836.36, 0% unaccounted for",0.0033,hold_position,1.0467,0.5992,2,8,0.127344,2483.8705,5,belief,B_poi_weighted,345867229,1,0,4.9114,10,10,2,9
18,flank,4,7,4,7,"acting on weakly supported belief: traceability 2142.29, 0% unaccounted for",0.0028,hold_position,1.0722,0.6064,2,8,0.115044,3013.1919,5,belief,B_poi_weighted,345867229,1,0,4.9507,10,11,2,9
19,flank,4,7,4,7,"acting on weakly supported belief: traceability 2363.54, 0% unaccounted for",0.0025,hold_position,1.0975,0.615,2,8,0.100454,3534.6096,5,belief,B_poi_weighted,345867229,1,0,4.9763,10,12,2,9
20,flank,4,7,4,7,"acting on weakly supported belief: traceability 2566.07, 0% unaccounted for",0.0023,hold_position,1.1227,0.622,2,8,0.085815,4056.8324,5,belief,B_poi_weighted,345867229,1,0,4.991,10,13,2,9
21,flank,4,7,4,7,"acting on weakly supported belief: traceability 2744.95, 0% unaccounted for",0.0022,hold_position,1.1478,0.6269,9,9,0.078133,45.8566,5,belief,B_poi_weighted,345867229,1,0,4.9968,10,14,2,9
22,flank,4,7,4,7,"acting on weakly supported belief: traceability 2876.18, 0% unaccounted for",0.0021,hold_position,1.1729,0.6299,9,9,0.082529,46.0475,5,belief,B_poi_weighted,345867229,1,0,4.9953,10,15,2,9
23,flank,4,7,4,7,"acting on weakly supported belief: traceability 2931.16, 0% unaccounted for",0.002,hold_position,1.198,0.6314,9,9,0.086131,46.2136,5,belief,B_poi_weighted,345867229,1,0,4.9877,10,16,2,9
24,flank,4,7,4,7,"acting on weakly supported belief: traceability 2874.46, 0% unaccounted for",0.0021,hold_position,1.2229,0.6319,9,9,0.088944,46.268,5,belief,B_poi_weighted,345867229,1,0,4.975,9,16,2,9
25,flank,4,7,4,7,"acting on weakly supported belief: traceability 2681.58, 0% unaccounted for",0.0022,hold_position,1.2478,0.6318,9,9,0.091015,46.1792,5,belief,B_poi_weighted,345867229,1,0,4.9581,8,16,2,9
26,flank,4,7,4,7,"acting on weakly supported belief: traceability 2365.12, 0% unaccounted for",0.0025,search,1.02,0.6313,9,9,0.092416,45.9464,5,belief,B_poi_weighted,345867229,1,0,4.9376,7,16,2,9
27,flank,4,7,4,7,"acting on weakly supported belief: traceability 1978.89, 0% unaccounted for",0.003,search,0.1187,0.6309,9,9,0.093232,45.5847,5,belief,B_poi_weighted,345867229,1,0,4.9141,6,16,2,9
28,search,9,9,4,7,"following the evidence: peak (9, 9) at 0.094, traceability 45.12",-0.7515,flank,0.7553,0.6306,9,9,0.093552,45.1163,5,belief,B_poi_weighted,345867229,1,0,1.354,6,15,2,9
29,search,10,10,4,8,"following the evidence: peak (10, 10) at 0.085, traceability 30.64",-8.4938,hold_position,9.8438,0.6579,10,10,0.085147,30.6418,5,belief,B_poi_weighted,345867229,1,0,0.7892,5,15,2,9
30,search,10,11,5,8,"following the evidence: peak (10, 11) at 0.079, traceability 19.22",-7.122,hold_position,8.497,0.6362,10,11,0.078542,19.2239,5,belief,B_poi_weighted,345867229,1,0,0.5178,4,15,2,9
31,search,1,14,6,8,"following the evidence: peak (1, 14) at 0.098, traceability 14.21",-8.0463,hold_position,9.4463,0.6151,1,14,0.098478,14.2126,5,belief,B_poi_weighted,345867229,1,0,1.1392,4,16,2,9
32,search,1,14,5,8,"following the evidence: peak (1, 14) at 0.099, traceability 14.76",-12.9947,hold_position,14.4197,0.6073,1,14,0.099361,14.7579,5,belief,B_poi_weighted,345867229,1,0,1.2179,4,17,2,9
33,search,1,14,4,8,"following the evidence: peak (1, 14) at 0.101, traceability 15.41",-13.8948,hold_position,15.3448,0.6084,1,14,0.10115,15.4124,5,belief,B_poi_weighted,345867229,1,0,1.2954,4,18,2,9
34,search,1,14,3,8,"following the evidence: peak (1, 14) at 0.107, traceability 18.28",-10.4173,hold_position,11.8923,0.6127,1,14,0.107465,18.2759,5,belief,B_poi_weighted,345867229,1,0,1.3715,4,19,2,9
35,search,9,13,2,8,"following the evidence: peak (9, 13) at 0.083, traceability 9.05",-8.4523,search,4.1285,0.6471,9,13,0.082545,9.0472,5,belief,B_poi_weighted,345867229,1,0,0.2235,4,20,2,9
36,search,9,13,3,8,"following the evidence: peak (9, 13) at 0.082, traceability 9.13",-13.0537,search,7.8828,0.6505,9,13,0.081591,9.1328,5,belief,B_poi_weighted,345867229,1,0,0.2401,4,21,2,9
37,search,9,13,4,8,"following the evidence: peak (9, 13) at 0.082, traceability 9.33",-13.8769,search,7.6493,0.653,9,13,0.081844,9.3291,5,belief,B_poi_weighted,345867229,1,0,0.2568,4,22,2,9
38,search,9,13,5,8,"following the evidence: peak (9, 13) at 0.084, traceability 9.78",-15.3277,search,7.4104,0.6532,9,13,0.084475,9.7755,5,belief,B_poi_weighted,345867229,1,0,0.2737,4,21,2,9
39,search,9,13,6,8,"following the evidence: peak (9, 13) at 0.085, traceability 10.56",-16.9876,search,7.1283,0.6574,9,13,0.084538,10.5559,5,belief,B_poi_weighted,345867229,1,0,0.2908,4,20,2,9
40,search,10,14,7,8,"following the evidence: peak (10, 14) at 0.092, traceability 8.16",-6.9822,search,2.7368,0.6708,10,14,0.09198,8.1634,5,belief,B_poi_weighted,345867229,1,0,0.1281,4,19,2,9
41,search,10,14,8,8,"following the evidence: peak (10, 14) at 0.091, traceability 9.63",-6.3702,search,4.4454,0.6783,10,14,0.090687,9.6259,5,belief,B_poi_weighted,345867229,1,0,0.1385,4,18,2,9
42,search,10,15,9,8,"following the evidence: peak (1, 14) at 0.098, traceability 63.92",0.4185,hold_position,1.2565,0.6814,1,14,0.097804,63.9225,5,belief,B_poi_weighted,345867229,1,0,0.0781,4,17,2,9
43,hold_position,,,10,8,"too little to go on to commit: uncertainty 0.69, peak traceability 70.24",1.7,retreat,0.35,0.6869,1,14,0.105541,70.2385,5,belief,B_poi_weighted,345867229,0,0,,4,16,2,9
44,hold_position,,,10,8,"too little to go on to commit: uncertainty 0.69, peak traceability 71.97",1.725,retreat,0.35,0.6888,1,14,0.105478,71.9676,5,belief,B_poi_weighted,345867229,0,0,,4,15,2,9
45,hold_position,,,10,8,"too little to go on to commit: uncertainty 0.69, peak traceability 72.74",1.75,retreat,0.35,0.6924,1,14,0.10398,72.743,5,belief,B_poi_weighted,345867229,0,0,,5,15,2,9
46,hold_position,,,10,8,"too little to go on to commit: uncertainty 0.70, peak traceability 73.22",1.775,retreat,0.35,0.6962,1,14,0.102157,73.2192,5,belief,B_poi_weighted,345867229,0,0,,6,15,2,9
47,hold_position,,,10,8,"too little to go on to commit: uncertainty 0.70, peak traceability 73.55",1.8,retreat,0.35,0.6999,1,14,0.100259,73.552,5,belief,B_poi_weighted,345867229,0,0,,6,16,2,9
48,hold_position,,,10,8,"too little to go on to commit: uncertainty 0.70, peak traceability 73.80",1.825,retreat,0.35,0.7034,1,14,0.098372,73.8002,5,belief,B_poi_weighted,345867229,0,0,,7,16,2,9
49,hold_position,,,10,8,"too little to go on to commit: uncertainty 0.71, peak traceability 73.99",1.85,retreat,0.35,0.7068,1,14,0.096533,73.9944,5,belief,B_poi_weighted,345867229,0,0,,8,16,2,9
50,hold_position,,,10,8,"too little to go on to commit: uncertainty 0.71, peak traceability 74.15",1.875,retreat,0.35,0.71,1,14,0.094761,74.1531,5,belief,B_poi_weighted,345867229,0,0,,8,17,2,9
51,hold_position,,,10,8,"too little to go on to commit: uncertainty 0.71, peak traceability 74.29",1.9,retreat,0.35,0.7131,1,14,0.093063,74.2882,5,belief,B_poi_weighted,345867229,0,0,,8,18,2,9
52,hold_position,,,10,8,"too little to go on to commit: uncertainty 0.72, peak traceability 74.41",1.925,retreat,0.35,0.716,1,14,0.091443,74.4076,5,belief,B_poi_weighted,345867229,0,0,,9,18,2,9
53,hold_position,,,10,8,"too little to go on to commit: uncertainty 0.72, peak traceability 74.52",1.95,retreat,0.35,0.7188,1,14,0.0899,74.5172,5,belief,B_poi_weighted,345867229,0,0,,10,18,2,9
54,hold_position,,,10,8,"too little to go on to commit: uncertainty 0.72, peak traceability 74.62",1.975,retreat,0.35,0.7214,1,14,0.088433,74.6208,5,belief,B_poi_weighted,345867229,0,0,,10,17,2,9
55,hold_position,,,10,8,"too little to go on to commit: uncertainty 0.72, peak traceability 74.72",2.0,retreat,0.35,0.724,1,14,0.087039,74.7217,5,belief,B_poi_weighted,345867229,0,0,,10,18,2,9
56,hold_position,,,10,8,"too little to go on to commit: uncertainty 0.73, peak traceability 74.82",2.025,retreat,0.35,0.7264,1,14,0.085714,74.822,5,belief,B_poi_weighted,345867229,0,0,,10,17,2,9
57,hold_position,,,10,8,"too little to go on to commit: uncertainty 0.73, peak traceability 74.92",2.05,retreat,0.35,0.7286,1,14,0.084455,74.9235,5,belief,B_poi_weighted,345867229,0,0,,10,16,2,9
58,hold_position,,,10,8,"too little to go on to commit: uncertainty 0.72, peak traceability 102.16",1.0,retreat,0.35,0.7175,10,15,0.129769,102.1573,5,belief,B_poi_weighted,345867229,0,1,,10,15,4,8
59,call_reinforcements,10,15,10,8,"following the evidence: peak (10, 15) at 0.334, traceability 266.88",-14.6662,hold_position,15.6662,0.5143,10,15,0.333889,266.8818,5,belief,B_poi_weighted,345867229,1,1,0.4759,10,14,4,8
60,hold_position,,,10,8,"too little to go on to commit: uncertainty 0.40, peak traceability 268.24",1.0,retreat,0.35,0.4026,10,15,0.330828,268.2425,5,belief,B_poi_weighted,345867229,0,1,,9,14,5,9
61,hold_position,,,10,8,"too little to go on to commit: uncertainty 0.58, peak traceability 168.01",1.025,retreat,0.35,0.5805,10,15,0.204438,168.0138,5,belief,B_poi_weighted,345867229,0,0,,8,14,5,9
62,hold_position,,,10,8,"too little to go on to commit: uncertainty 0.45, peak traceability 249.77",1.0,retreat,0.35,0.4511,10,15,0.30006,249.7719,5,belief,B_poi_weighted,345867229,0,1,,8,13,6,9
63,hold_position,,,10,8,"too little to go on to commit: uncertainty 0.46, peak traceability 207.80",1.0,retreat,0.35,0.4587,10,15,0.246612,207.7956,5,belief,B_poi_weighted,345867229,0,1,,8,12,6,9
64,hold_position,,,10,8,"too little to go on to commit: uncertainty 0.48, peak traceability 4897.17",1.0,retreat,0.35,0.4799,10,14,0.21448,4897.1744,5,belief,B_poi_weighted,345867229,0,1,,8,11,6,9
65,hold_position,,,10,8,"too little to go on to commit: uncertainty 0.50, peak traceability 4758.63",1.0,retreat,0.35,0.5,10,14,0.205989,4758.6259,5,belief,B_poi_weighted,345867229,0,1,,8,10,6,9
66,hold_position,,,10,8,"too little to go on to commit: uncertainty 0.52, peak traceability 4533.38",1.0,retreat,0.35,0.5181,10,14,0.194053,4533.3795,5,belief,B_poi_weighted,345867229,0,1,,7,10,6,9
67,hold_position,,,10,8,"too little to go on to commit: uncertainty 0.53, peak traceability 4281.42",1.0,retreat,0.35,0.5341,10,14,0.181306,4281.4231,5,belief,B_poi_weighted,345867229,0,1,,6,10,6,9
68,hold_position,,,10,8,"too little to go on to commit: uncertainty 0.55, peak traceability 4026.61",1.0,retreat,0.35,0.5483,10,14,0.168758,4026.6138,5,belief,B_poi_weighted,345867229,0,1,,5,10,6,9
69,hold_position,,,10,8,"too little to go on to commit: uncertainty 0.55, peak traceability 440734.83",1.0,search,0.1414,0.5484,5,9,0.136763,440734.8262,5,belief,B_poi_weighted,345867229,0,0,,4,10,5,9
70,search,4,7,10,8,"following the evidence: peak (4, 10) at 0.109, traceability 3760.19",-7.7335,search,0.0998,0.5917,4,10,0.109283,3760.1896,5,belief,B_poi_weighted,345867229,1,1,2.5529,4,9,5,9
71,hold_position,,,9,8,"too little to go on to commit: uncertainty 0.55, peak traceability 208890.63",1.0,retreat,0.35,0.5451,4,8,0.146852,208890.6285,5,belief,B_poi_weighted,345867229,0,1,,5,9,5,9
72,hold_position,,,9,8,"too little to go on to commit: uncertainty 0.56, peak traceability 468777.73",1.0,retreat,0.35,0.5552,4,8,0.115843,468777.7276,5,belief,B_poi_weighted,345867229,0,1,,6,9,5,9
73,hold_position,,,9,8,"too little to go on to commit: uncertainty 0.57, peak traceability 118859.90",1.0,retreat,0.35,0.5655,4,9,0.111558,118859.896,5,belief,B_poi_weighted,345867229,0,1,,7,9,5,9
74,hold_position,,,9,8,"too little to go on to commit: uncertainty 0.57, peak traceability 123373.90",1.0,retreat,0.35,0.5744,4,9,0.106482,123373.9045,5,belief,B_poi_weighted,345867229,0,1,,8,9,5,9
75,hold_position,,,9,8,"too little to go on to commit: uncertainty 0.58, peak traceability 120714.69",1.0,retreat,0.35,0.5821,4,9,0.10036,120714.6853,5,belief,B_poi_weighted,345867229,0,1,,9,9,6,9
76,hold_position,,,9,8,"too little to go on to commit: uncertainty 0.59, peak traceability 4147178.98",1.0,retreat,0.35,0.589,5,9,0.095639,4147178.9754,5,belief,B_poi_weighted,345867229,0,1,,10,9,6,9
77,hold_position,,,9,8,"too little to go on to commit: uncertainty 0.60, peak traceability 4207124.28",1.0,retreat,0.35,0.5952,5,9,0.094781,4207124.2838,5,belief,B_poi_weighted,345867229,0,1,,10,10,6,9
78,hold_position,,,9,8,"too little to go on to commit: uncertainty 0.60, peak traceability 4198146.53",1.0,retreat,0.35,0.6007,5,9,0.093334,4198146.5305,5,belief,B_poi_weighted,345867229,0,1,,10,11,6,9
79,hold_position,,,9,8,"too little to go on to commit: uncertainty 0.61, peak traceability 4150235.38",1.0,retreat,0.35,0.6058,5,9,0.091534,4150235.384,5,belief,B_poi_weighted,345867229,0,1,,10,12,6,9
0,search,7,4,11,3,moving to last known position,nan,,nan,nan,7,4,nan,nan,0,last_known_position,A_uniform,7279928,1,1,21.1856,7,4,6,4
1,search,7,4,10,3,moving to last known position,nan,,nan,nan,7,4,nan,nan,0,last_known_position,A_uniform,7279928,1,1,18.6933,8,4,6,4
2,search,8,3,10,2,moving to last known position,nan,,nan,nan,8,3,nan,nan,0,last_known_position,A_uniform,7279928,1,1,19.3498,8,3,6,4
3,search,8,2,9,2,moving to last known position,nan,,nan,nan,8,2,nan,nan,0,last_known_position,A_uniform,7279928,1,1,8.3384,8,2,6,4
0,search,7,6,2,3,moving to last known position,nan,,nan,nan,7,6,nan,nan,1,last_known_position,A_uniform,972299651,1,1,12.913,6,6,7,6
1,search,6,5,3,3,moving to last known position,nan,,nan,nan,6,5,nan,nan,1,last_known_position,A_uniform,972299651,1,1,26.4841,6,5,7,6
2,search,6,4,4,3,moving to last known position,nan,,nan,nan,6,4,nan,nan,1,last_known_position,A_uniform,972299651,1,1,22.8548,6,4,7,5
3,search,5,4,4,4,moving to last known position,nan,,nan,nan,5,4,nan,nan,1,last_known_position,A_uniform,972299651,1,1,17.5735,5,4,7,5
0,search,9,20,12,20,moving to last known position,nan,,nan,nan,9,20,nan,nan,2,last_known_position,A_uniform,1053741944,1,1,17.2109,9,20,9,21
1,search,9,19,11,20,moving to last known position,nan,,nan,nan,9,19,nan,nan,2,last_known_position,A_uniform,1053741944,1,1,3.6137,9,19,9,21
2,search,9,19,10,20,moving to last known position,nan,,nan,nan,9,19,nan,nan,2,last_known_position,A_uniform,1053741944,1,1,5.0536,9,18,9,21
3,search,9,19,9,20,moving to last known position,nan,,nan,nan,9,19,nan,nan,2,last_known_position,A_uniform,1053741944,1,1,12.4048,9,19,9,20
0,search,4,12,2,20,moving to last known position,nan,,nan,nan,4,12,nan,nan,3,last_known_position,A_uniform,835894097,1,1,14.0746,5,12,4,12
1,search,4,12,3,20,moving to last known position,nan,,nan,nan,4,12,nan,nan,3,last_known_position,A_uniform,835894097,1,1,13.6058,6,12,5,12
2,search,4,12,4,20,moving to last known position,nan,,nan,nan,4,12,nan,nan,3,last_known_position,A_uniform,835894097,1,1,12.9979,6,13,5,12
3,search,4,12,4,19,moving to last known position,nan,,nan,nan,4,12,nan,nan,3,last_known_position,A_uniform,835894097,1,1,12.4159,6,12,5,12
4,search,4,12,4,18,moving to last known position,nan,,nan,nan,4,12,nan,nan,3,last_known_position,A_uniform,835894097,1,1,11.8829,6,13,5,13
5,search,4,12,4,17,moving to last known position,nan,,nan,nan,4,12,nan,nan,3,last_known_position,A_uniform,835894097,1,1,11.4039,5,13,5,13
6,search,5,14,4,16,moving to last known position,nan,,nan,nan,5,14,nan,nan,3,last_known_position,A_uniform,835894097,1,1,12.584,5,14,5,13
7,search,6,14,4,15,moving to last known position,nan,,nan,nan,6,14,nan,nan,3,last_known_position,A_uniform,835894097,1,1,10.2791,6,14,5,13
8,search,6,15,5,15,moving to last known position,nan,,nan,nan,6,15,nan,nan,3,last_known_position,A_uniform,835894097,1,1,4.7179,6,15,5,13
0,search,9,18,8,12,moving to last known position,nan,,nan,nan,9,18,nan,nan,4,last_known_position,A_uniform,11117006,1,1,10.5767,10,18,9,18
1,search,10,17,9,12,moving to last known position,nan,,nan,nan,10,17,nan,nan,4,last_known_position,A_uniform,11117006,1,1,51.6497,10,17,10,17
2,search,10,16,10,12,moving to last known position,nan,,nan,nan,10,16,nan,nan,4,last_known_position,A_uniform,11117006,1,1,32.8018,10,16,10,17
3,search,10,15,10,13,moving to last known position,nan,,nan,nan,10,15,nan,nan,4,last_known_position,A_uniform,11117006,1,1,22.9617,10,15,10,17
0,search,1,11,11,3,moving to last known position,nan,,nan,nan,1,11,nan,nan,5,last_known_position,A_uniform,345867229,1,1,11.7903,1,12,1,11
1,search,1,11,10,3,moving to last known position,nan,,nan,nan,1,11,nan,nan,5,last_known_position,A_uniform,345867229,1,1,11.2896,2,12,1,11
2,search,1,11,10,2,moving to last known position,nan,,nan,nan,1,11,nan,nan,5,last_known_position,A_uniform,345867229,1,1,10.753,2,11,1,11
3,search,1,11,9,2,moving to last known position,nan,,nan,nan,1,11,nan,nan,5,last_known_position,A_uniform,345867229,1,1,10.25,2,10,1,11
4,search,1,11,8,2,moving to last known position,nan,,nan,nan,1,11,nan,nan,5,last_known_position,A_uniform,345867229,1,1,9.7984,3,10,1,11
5,search,1,11,7,2,moving to last known position,nan,,nan,nan,1,11,nan,nan,5,last_known_position,A_uniform,345867229,1,1,9.3963,3,9,1,11
6,search,1,11,6,2,moving to last known position,nan,,nan,nan,1,11,nan,nan,5,last_known_position,A_uniform,345867229,1,1,9.0377,4,9,1,11
7,search,5,9,6,3,moving to last known position,nan,,nan,nan,5,9,nan,nan,5,last_known_position,A_uniform,345867229,1,1,7.4559,5,9,3,9
8,search,5,9,6,4,moving to last known position,nan,,nan,nan,5,9,nan,nan,5,last_known_position,A_uniform,345867229,1,1,7.4342,6,9,3,9
9,search,5,9,5,4,moving to last known position,nan,,nan,nan,5,9,nan,nan,5,last_known_position,A_uniform,345867229,1,1,7.2768,7,9,3,9
10,search,5,9,4,4,moving to last known position,nan,,nan,nan,5,9,nan,nan,5,last_known_position,A_uniform,345867229,1,1,7.1125,8,9,3,9
11,search,5,9,4,5,moving to last known position,nan,,nan,nan,5,9,nan,nan,5,last_known_position,A_uniform,345867229,1,1,6.9667,8,10,3,9
12,search,5,9,4,6,moving to last known position,nan,,nan,nan,5,9,nan,nan,5,last_known_position,A_uniform,345867229,1,1,6.8401,8,9,3,9
13,search,5,9,4,7,moving to last known position,nan,,nan,nan,5,9,nan,nan,5,last_known_position,A_uniform,345867229,1,1,6.7286,8,8,3,9
14,search,9,8,4,8,moving to last known position,nan,,nan,nan,9,8,nan,nan,5,last_known_position,A_uniform,345867229,1,1,0.8399,9,8,3,9
15,search,10,8,5,8,moving to last known position,nan,,nan,nan,10,8,nan,nan,5,last_known_position,A_uniform,345867229,1,1,0.6544,10,8,3,9
16,search,10,9,6,8,moving to last known position,nan,,nan,nan,10,9,nan,nan,5,last_known_position,A_uniform,345867229,1,1,0.5663,10,9,3,9
17,search,10,10,7,8,moving to last known position,nan,,nan,nan,10,10,nan,nan,5,last_known_position,A_uniform,345867229,1,1,0.3868,10,10,3,9
18,search,10,11,8,8,moving to last known position,nan,,nan,nan,10,11,nan,nan,5,last_known_position,A_uniform,345867229,1,1,0.1911,10,11,3,9
19,search,10,12,9,8,moving to last known position,nan,,nan,nan,10,12,nan,nan,5,last_known_position,A_uniform,345867229,1,1,0.0717,10,12,3,9
20,search,10,13,10,8,moving to last known position,nan,,nan,nan,10,13,nan,nan,5,last_known_position,A_uniform,345867229,1,1,0.024,10,13,4,9
21,search,10,14,10,9,moving to last known position,nan,,nan,nan,10,14,nan,nan,5,last_known_position,A_uniform,345867229,1,1,0.0062,10,14,5,9
22,search,10,15,10,10,moving to last known position,nan,,nan,nan,10,15,nan,nan,5,last_known_position,A_uniform,345867229,1,1,0.002,10,15,5,9
23,search,10,16,10,11,moving to last known position,nan,,nan,nan,10,16,nan,nan,5,last_known_position,A_uniform,345867229,1,1,0.0005,10,16,5,9
24,search,10,16,10,12,moving to last known position,nan,,nan,nan,10,16,nan,nan,5,last_known_position,A_uniform,345867229,1,1,0.0011,9,16,6,9
25,search,10,16,10,13,moving to last known position,nan,,nan,nan,10,16,nan,nan,5,last_known_position,A_uniform,345867229,1,1,0.002,8,16,6,9
26,search,10,16,10,14,moving to last known position,nan,,nan,nan,10,16,nan,nan,5,last_known_position,A_uniform,345867229,1,1,0.0034,7,16,6,9
27,search,10,16,10,15,moving to last known position,nan,,nan,nan,10,16,nan,nan,5,last_known_position,A_uniform,345867229,1,1,0.0054,6,16,6,9
28,search,10,16,10,16,"looking, 0/12",nan,,nan,nan,10,16,nan,nan,5,last_known_position,A_uniform,345867229,1,0,0.0079,6,15,6,9
29,search,10,16,10,16,"looking, 1/12",nan,,nan,nan,10,16,nan,nan,5,last_known_position,A_uniform,345867229,1,0,0.0111,5,15,6,9
30,search,4,15,10,16,moving to last known position,nan,,nan,nan,4,15,nan,nan,5,last_known_position,A_uniform,345867229,1,1,0.0,4,15,9,10
31,search,4,15,9,16,moving to last known position,nan,,nan,nan,4,15,nan,nan,5,last_known_position,A_uniform,345867229,1,1,0.0,4,16,9,10
32,search,4,17,8,16,moving to last known position,nan,,nan,nan,4,17,nan,nan,5,last_known_position,A_uniform,345867229,1,1,0.0,4,17,9,10
33,search,4,18,7,16,moving to last known position,nan,,nan,nan,4,18,nan,nan,5,last_known_position,A_uniform,345867229,1,1,0.0,4,18,9,11
34,search,4,18,6,16,moving to last known position,nan,,nan,nan,4,18,nan,nan,5,last_known_position,A_uniform,345867229,1,1,0.0,4,19,9,11
35,search,4,18,6,15,moving to last known position,nan,,nan,nan,4,18,nan,nan,5,last_known_position,A_uniform,345867229,1,1,0.0,4,20,9,11
36,search,4,18,5,15,moving to last known position,nan,,nan,nan,4,18,nan,nan,5,last_known_position,A_uniform,345867229,1,1,0.0,4,21,9,11
37,search,4,22,4,15,moving to last known position,nan,,nan,nan,4,22,nan,nan,5,last_known_position,A_uniform,345867229,1,1,0.0,4,22,9,11
38,search,4,21,4,16,moving to last known position,nan,,nan,nan,4,21,nan,nan,5,last_known_position,A_uniform,345867229,1,1,0.0,4,21,9,11
39,search,4,20,4,17,moving to last known position,nan,,nan,nan,4,20,nan,nan,5,last_known_position,A_uniform,345867229,1,1,0.005,4,20,5,15
40,search,4,20,4,18,moving to last known position,nan,,nan,nan,4,20,nan,nan,5,last_known_position,A_uniform,345867229,1,1,0.0103,4,19,5,14
0,search,7,4,11,3,moving to last known position,nan,,nan,nan,7,4,nan,nan,0,scripted_sweep,A_uniform,7279928,1,1,21.1856,7,4,6,4
1,search,7,4,10,3,moving to last known position,nan,,nan,nan,7,4,nan,nan,0,scripted_sweep,A_uniform,7279928,1,1,18.6933,8,4,6,4
2,search,8,3,10,2,moving to last known position,nan,,nan,nan,8,3,nan,nan,0,scripted_sweep,A_uniform,7279928,1,1,19.3498,8,3,6,4
3,search,8,2,9,2,moving to last known position,nan,,nan,nan,8,2,nan,nan,0,scripted_sweep,A_uniform,7279928,1,1,8.3384,8,2,6,4
0,search,7,6,2,3,moving to last known position,nan,,nan,nan,7,6,nan,nan,1,scripted_sweep,A_uniform,972299651,1,1,12.913,6,6,7,6
1,search,6,5,3,3,moving to last known position,nan,,nan,nan,6,5,nan,nan,1,scripted_sweep,A_uniform,972299651,1,1,26.4841,6,5,7,6
2,search,6,4,4,3,moving to last known position,nan,,nan,nan,6,4,nan,nan,1,scripted_sweep,A_uniform,972299651,1,1,22.8548,6,4,7,5
3,search,5,4,4,4,moving to last known position,nan,,nan,nan,5,4,nan,nan,1,scripted_sweep,A_uniform,972299651,1,1,17.5735,5,4,7,5
0,search,9,20,12,20,moving to last known position,nan,,nan,nan,9,20,nan,nan,2,scripted_sweep,A_uniform,1053741944,1,1,17.2109,9,20,9,21
1,search,9,19,11,20,moving to last known position,nan,,nan,nan,9,19,nan,nan,2,scripted_sweep,A_uniform,1053741944,1,1,3.6137,9,19,9,21
2,search,9,19,10,20,moving to last known position,nan,,nan,nan,9,19,nan,nan,2,scripted_sweep,A_uniform,1053741944,1,1,5.0536,9,18,9,21
3,search,9,19,9,20,moving to last known position,nan,,nan,nan,9,19,nan,nan,2,scripted_sweep,A_uniform,1053741944,1,1,12.4048,9,19,9,20
0,search,4,12,2,20,moving to last known position,nan,,nan,nan,4,12,nan,nan,3,scripted_sweep,A_uniform,835894097,1,1,14.0746,5,12,4,12
1,search,4,12,3,20,moving to last known position,nan,,nan,nan,4,12,nan,nan,3,scripted_sweep,A_uniform,835894097,1,1,13.6058,6,12,5,12
2,search,4,12,4,20,moving to last known position,nan,,nan,nan,4,12,nan,nan,3,scripted_sweep,A_uniform,835894097,1,1,12.9979,6,13,5,12
3,search,4,12,4,19,moving to last known position,nan,,nan,nan,4,12,nan,nan,3,scripted_sweep,A_uniform,835894097,1,1,12.4159,6,12,5,12
4,search,4,12,4,18,moving to last known position,nan,,nan,nan,4,12,nan,nan,3,scripted_sweep,A_uniform,835894097,1,1,11.8829,6,13,5,13
5,search,4,12,4,17,moving to last known position,nan,,nan,nan,4,12,nan,nan,3,scripted_sweep,A_uniform,835894097,1,1,11.4039,5,13,5,13
6,search,5,14,4,16,moving to last known position,nan,,nan,nan,5,14,nan,nan,3,scripted_sweep,A_uniform,835894097,1,1,12.584,5,14,5,13
7,search,6,14,4,15,moving to last known position,nan,,nan,nan,6,14,nan,nan,3,scripted_sweep,A_uniform,835894097,1,1,10.2791,6,14,5,13
8,search,6,15,5,15,moving to last known position,nan,,nan,nan,6,15,nan,nan,3,scripted_sweep,A_uniform,835894097,1,1,4.7179,6,15,5,13
0,search,9,18,8,12,moving to last known position,nan,,nan,nan,9,18,nan,nan,4,scripted_sweep,A_uniform,11117006,1,1,10.5767,10,18,9,18
1,search,10,17,9,12,moving to last known position,nan,,nan,nan,10,17,nan,nan,4,scripted_sweep,A_uniform,11117006,1,1,51.6497,10,17,10,17
2,search,10,16,10,12,moving to last known position,nan,,nan,nan,10,16,nan,nan,4,scripted_sweep,A_uniform,11117006,1,1,32.8018,10,16,10,17
3,search,10,15,10,13,moving to last known position,nan,,nan,nan,10,15,nan,nan,4,scripted_sweep,A_uniform,11117006,1,1,22.9617,10,15,10,17
0,search,1,11,11,3,moving to last known position,nan,,nan,nan,1,11,nan,nan,5,scripted_sweep,A_uniform,345867229,1,1,11.7903,1,12,1,11
1,search,1,11,10,3,moving to last known position,nan,,nan,nan,1,11,nan,nan,5,scripted_sweep,A_uniform,345867229,1,1,11.2896,2,12,1,11
2,search,1,11,10,2,moving to last known position,nan,,nan,nan,1,11,nan,nan,5,scripted_sweep,A_uniform,345867229,1,1,10.753,2,11,1,11
3,search,1,11,9,2,moving to last known position,nan,,nan,nan,1,11,nan,nan,5,scripted_sweep,A_uniform,345867229,1,1,10.25,2,10,1,11
4,search,1,11,8,2,moving to last known position,nan,,nan,nan,1,11,nan,nan,5,scripted_sweep,A_uniform,345867229,1,1,9.7984,3,10,1,11
5,search,1,11,7,2,moving to last known position,nan,,nan,nan,1,11,nan,nan,5,scripted_sweep,A_uniform,345867229,1,1,9.3963,3,9,1,11
6,search,1,11,6,2,moving to last known position,nan,,nan,nan,1,11,nan,nan,5,scripted_sweep,A_uniform,345867229,1,1,9.0377,4,9,1,11
7,search,5,9,6,3,moving to last known position,nan,,nan,nan,5,9,nan,nan,5,scripted_sweep,A_uniform,345867229,1,1,7.4559,5,9,3,9
8,search,5,9,6,4,moving to last known position,nan,,nan,nan,5,9,nan,nan,5,scripted_sweep,A_uniform,345867229,1,1,7.4342,6,9,3,9
9,search,5,9,5,4,moving to last known position,nan,,nan,nan,5,9,nan,nan,5,scripted_sweep,A_uniform,345867229,1,1,7.2768,7,9,3,9
10,search,5,9,4,4,moving to last known position,nan,,nan,nan,5,9,nan,nan,5,scripted_sweep,A_uniform,345867229,1,1,7.1125,8,9,3,9
11,search,5,9,4,5,moving to last known position,nan,,nan,nan,5,9,nan,nan,5,scripted_sweep,A_uniform,345867229,1,1,6.9667,8,10,3,9
12,search,5,9,4,6,moving to last known position,nan,,nan,nan,5,9,nan,nan,5,scripted_sweep,A_uniform,345867229,1,1,6.8401,8,9,3,9
13,search,5,9,4,7,moving to last known position,nan,,nan,nan,5,9,nan,nan,5,scripted_sweep,A_uniform,345867229,1,1,6.7286,8,8,3,9
14,search,9,8,4,8,moving to last known position,nan,,nan,nan,9,8,nan,nan,5,scripted_sweep,A_uniform,345867229,1,1,0.8399,9,8,3,9
15,search,10,8,5,8,moving to last known position,nan,,nan,nan,10,8,nan,nan,5,scripted_sweep,A_uniform,345867229,1,1,0.6544,10,8,3,9
16,search,10,9,6,8,moving to last known position,nan,,nan,nan,10,9,nan,nan,5,scripted_sweep,A_uniform,345867229,1,1,0.5663,10,9,3,9
17,search,10,10,7,8,moving to last known position,nan,,nan,nan,10,10,nan,nan,5,scripted_sweep,A_uniform,345867229,1,1,0.3868,10,10,3,9
18,search,10,11,8,8,moving to last known position,nan,,nan,nan,10,11,nan,nan,5,scripted_sweep,A_uniform,345867229,1,1,0.1911,10,11,3,9
19,search,10,12,9,8,moving to last known position,nan,,nan,nan,10,12,nan,nan,5,scripted_sweep,A_uniform,345867229,1,1,0.0717,10,12,3,9
20,search,10,13,10,8,moving to last known position,nan,,nan,nan,10,13,nan,nan,5,scripted_sweep,A_uniform,345867229,1,1,0.024,10,13,4,9
21,search,10,14,10,9,moving to last known position,nan,,nan,nan,10,14,nan,nan,5,scripted_sweep,A_uniform,345867229,1,1,0.0062,10,14,5,9
22,search,10,15,10,10,moving to last known position,nan,,nan,nan,10,15,nan,nan,5,scripted_sweep,A_uniform,345867229,1,1,0.002,10,15,5,9
23,search,10,16,10,11,moving to last known position,nan,,nan,nan,10,16,nan,nan,5,scripted_sweep,A_uniform,345867229,1,1,0.0005,10,16,5,9
24,search,10,16,10,12,moving to last known position,nan,,nan,nan,10,16,nan,nan,5,scripted_sweep,A_uniform,345867229,1,1,0.0011,9,16,6,9
25,search,10,16,10,13,moving to last known position,nan,,nan,nan,10,16,nan,nan,5,scripted_sweep,A_uniform,345867229,1,1,0.002,8,16,6,9
26,search,10,16,10,14,moving to last known position,nan,,nan,nan,10,16,nan,nan,5,scripted_sweep,A_uniform,345867229,1,1,0.0034,7,16,6,9
27,search,10,16,10,15,moving to last known position,nan,,nan,nan,10,16,nan,nan,5,scripted_sweep,A_uniform,345867229,1,1,0.0054,6,16,6,9
28,search,10,16,10,16,"looking here, 0/4",nan,,nan,nan,10,16,nan,nan,5,scripted_sweep,A_uniform,345867229,1,0,0.0079,6,15,6,9
29,search,10,16,10,16,"looking here, 1/4",nan,,nan,nan,10,16,nan,nan,5,scripted_sweep,A_uniform,345867229,1,0,0.0111,5,15,6,9
30,search,4,15,10,16,moving to last known position,nan,,nan,nan,4,15,nan,nan,5,scripted_sweep,A_uniform,345867229,1,1,0.0,4,15,9,10
31,search,4,15,9,16,moving to last known position,nan,,nan,nan,4,15,nan,nan,5,scripted_sweep,A_uniform,345867229,1,1,0.0,4,16,9,10
32,search,4,17,8,16,moving to last known position,nan,,nan,nan,4,17,nan,nan,5,scripted_sweep,A_uniform,345867229,1,1,0.0,4,17,9,10
33,search,4,18,7,16,moving to last known position,nan,,nan,nan,4,18,nan,nan,5,scripted_sweep,A_uniform,345867229,1,1,0.0,4,18,9,11
34,search,4,18,6,16,moving to last known position,nan,,nan,nan,4,18,nan,nan,5,scripted_sweep,A_uniform,345867229,1,1,0.0,4,19,9,11
35,search,4,18,6,15,moving to last known position,nan,,nan,nan,4,18,nan,nan,5,scripted_sweep,A_uniform,345867229,1,1,0.0,4,20,9,11
36,search,4,18,5,15,moving to last known position,nan,,nan,nan,4,18,nan,nan,5,scripted_sweep,A_uniform,345867229,1,1,0.0,4,21,9,11
37,search,4,22,4,15,moving to last known position,nan,,nan,nan,4,22,nan,nan,5,scripted_sweep,A_uniform,345867229,1,1,0.0,4,22,9,11
38,search,4,21,4,16,moving to last known position,nan,,nan,nan,4,21,nan,nan,5,scripted_sweep,A_uniform,345867229,1,1,0.0,4,21,9,11
39,search,4,20,4,17,moving to last known position,nan,,nan,nan,4,20,nan,nan,5,scripted_sweep,A_uniform,345867229,1,1,0.005,4,20,5,15
40,search,4,20,4,18,moving to last known position,nan,,nan,nan,4,20,nan,nan,5,scripted_sweep,A_uniform,345867229,1,1,0.0103,4,19,5,14
0,search,6,4,11,3,closing on last reading,nan,,nan,nan,6,4,nan,nan,0,degraded_omniscience,A_uniform,7279928,1,1,21.1856,7,4,6,4
1,search,6,4,10,3,closing on last reading,nan,,nan,nan,6,4,nan,nan,0,degraded_omniscience,A_uniform,7279928,1,1,18.1372,8,4,6,4
2,search,6,4,10,2,closing on last reading,nan,,nan,nan,6,4,nan,nan,0,degraded_omniscience,A_uniform,7279928,1,1,36.1974,8,3,6,4
3,search,6,4,9,2,closing on last reading,nan,,nan,nan,6,4,nan,nan,0,degraded_omniscience,A_uniform,7279928,1,1,27.2256,8,2,6,4
0,search,7,6,2,3,closing on last reading,nan,,nan,nan,7,6,nan,nan,1,degraded_omniscience,A_uniform,972299651,1,1,12.913,6,6,7,6
1,search,7,6,3,3,closing on last reading,nan,,nan,nan,7,6,nan,nan,1,degraded_omniscience,A_uniform,972299651,1,1,34.8511,6,5,7,6
2,search,7,6,4,3,closing on last reading,nan,,nan,nan,7,6,nan,nan,1,degraded_omniscience,A_uniform,972299651,1,1,17.2801,6,4,7,5
3,search,7,6,4,4,closing on last reading,nan,,nan,nan,7,6,nan,nan,1,degraded_omniscience,A_uniform,972299651,1,1,0.2163,5,4,7,5
0,search,9,21,12,20,closing on last reading,nan,,nan,nan,9,21,nan,nan,2,degraded_omniscience,A_uniform,1053741944,1,1,19.0044,9,20,9,21
1,search,9,21,11,20,closing on last reading,nan,,nan,nan,9,21,nan,nan,2,degraded_omniscience,A_uniform,1053741944,1,1,18.8703,9,19,9,21
2,search,9,21,10,20,closing on last reading,nan,,nan,nan,9,21,nan,nan,2,degraded_omniscience,A_uniform,1053741944,1,1,17.4749,9,18,9,21
3,search,8,19,9,20,closing on last reading,nan,,nan,nan,8,19,nan,nan,2,degraded_omniscience,A_uniform,1053741944,1,1,12.4524,9,19,9,20
4,search,9,17,8,20,closing on last reading,nan,,nan,nan,9,17,nan,nan,2,degraded_omniscience,A_uniform,1053741944,1,1,0.2481,9,18,9,20
5,search,9,17,9,20,closing on last reading,nan,,nan,nan,9,17,nan,nan,2,degraded_omniscience,A_uniform,1053741944,1,1,0.4741,10,18,9,20
6,search,8,18,9,19,closing on last reading,nan,,nan,nan,8,18,nan,nan,2,degraded_omniscience,A_uniform,1053741944,1,1,4.9021,10,17,9,20
7,search,8,18,8,19,closing on last reading,nan,,nan,nan,8,18,nan,nan,2,degraded_omniscience,A_uniform,1053741944,1,1,5.2909,10,16,9,20
8,search,9,16,8,18,closing on last reading,nan,,nan,nan,9,16,nan,nan,2,degraded_omniscience,A_uniform,1053741944,1,1,0.315,10,15,9,21
9,search,9,18,9,18,"holding on last reading, 0/12",nan,,nan,nan,9,18,nan,nan,2,degraded_omniscience,A_uniform,1053741944,1,1,5.4333,10,14,9,21
10,search,10,17,9,18,closing on last reading,nan,,nan,nan,10,17,nan,nan,2,degraded_omniscience,A_uniform,1053741944,1,0,1.1937,9,14,9,21
11,search,10,16,10,18,closing on last reading,nan,,nan,nan,10,16,nan,nan,2,degraded_omniscience,A_uniform,1053741944,1,0,2.6182,8,14,9,21
12,search,10,15,10,17,closing on last reading,nan,,nan,nan,10,15,nan,nan,2,degraded_omniscience,A_uniform,1053741944,1,1,1.3768,8,13,9,21
13,search,10,15,10,16,closing on last reading,nan,,nan,nan,10,15,nan,nan,2,degraded_omniscience,A_uniform,1053741944,1,1,2.2654,8,12,9,21
14,search,10,15,10,15,"holding on last reading, 0/12",nan,,nan,nan,10,15,nan,nan,2,degraded_omniscience,A_uniform,1053741944,1,1,2.3067,8,11,9,20
15,search,10,15,10,15,"holding on last reading, 1/12",nan,,nan,nan,10,15,nan,nan,2,degraded_omniscience,A_uniform,1053741944,1,1,3.0233,8,10,9,20
16,search,9,14,10,15,closing on last reading,nan,,nan,nan,9,14,nan,nan,2,degraded_omniscience,A_uniform,1053741944,1,1,0.3485,7,10,9,20
17,search,8,11,10,14,closing on last reading,nan,,nan,nan,8,11,nan,nan,2,degraded_omniscience,A_uniform,1053741944,1,0,0.0022,6,10,9,20
18,search,9,10,9,14,closing on last reading,nan,,nan,nan,9,10,nan,nan,2,degraded_omniscience,A_uniform,1053741944,1,1,0.0017,5,10,9,20
19,search,9,10,9,13,closing on last reading,nan,,nan,nan,9,10,nan,nan,2,degraded_omniscience,A_uniform,1053741944,1,1,0.0085,4,10,9,20
20,search,9,10,9,12,closing on last reading,nan,,nan,nan,9,10,nan,nan,2,degraded_omniscience,A_uniform,1053741944,1,1,0.0099,3,10,9,20
21,search,9,10,9,11,closing on last reading,nan,,nan,nan,9,10,nan,nan,2,degraded_omniscience,A_uniform,1053741944,1,1,0.0118,2,10,9,18
22,search,9,10,9,10,"holding on last reading, 0/12",nan,,nan,nan,9,10,nan,nan,2,degraded_omniscience,A_uniform,1053741944,1,0,0.0142,2,11,9,18
23,search,9,10,9,10,"holding on last reading, 1/12",nan,,nan,nan,9,10,nan,nan,2,degraded_omniscience,A_uniform,1053741944,1,0,0.0171,2,12,9,18
24,search,9,10,9,10,"holding on last reading, 2/12",nan,,nan,nan,9,10,nan,nan,2,degraded_omniscience,A_uniform,1053741944,1,0,0.0203,2,13,9,18
25,search,9,10,9,10,"holding on last reading, 3/12",nan,,nan,nan,9,10,nan,nan,2,degraded_omniscience,A_uniform,1053741944,1,0,0.024,2,14,9,18
26,search,9,10,9,10,"holding on last reading, 4/12",nan,,nan,nan,9,10,nan,nan,2,degraded_omniscience,A_uniform,1053741944,1,0,0.0281,2,13,9,18
27,search,9,10,9,10,"holding on last reading, 5/12",nan,,nan,nan,9,10,nan,nan,2,degraded_omniscience,A_uniform,1053741944,1,0,0.0325,2,12,9,18
28,search,9,10,9,10,"holding on last reading, 6/12",nan,,nan,nan,9,10,nan,nan,2,degraded_omniscience,A_uniform,1053741944,1,0,0.0373,2,11,9,18
29,search,9,10,9,10,"holding on last reading, 7/12",nan,,nan,nan,9,10,nan,nan,2,degraded_omniscience,A_uniform,1053741944,1,1,0.4996,2,10,10,16
30,search,9,10,9,10,"holding on last reading, 8/12",nan,,nan,nan,9,10,nan,nan,2,degraded_omniscience,A_uniform,1053741944,1,1,0.7234,3,10,10,16
31,search,9,10,9,10,"holding on last reading, 9/12",nan,,nan,nan,9,10,nan,nan,2,degraded_omniscience,A_uniform,1053741944,1,1,0.8932,4,10,10,16
32,search,2,11,9,10,closing on last reading,nan,,nan,nan,2,11,nan,nan,2,degraded_omniscience,A_uniform,1053741944,1,0,0.0,5,10,10,16
33,search,3,10,8,10,closing on last reading,nan,,nan,nan,3,10,nan,nan,2,degraded_omniscience,A_uniform,1053741944,1,1,0.0015,6,10,10,14
0,search,4,12,2,20,closing on last reading,nan,,nan,nan,4,12,nan,nan,3,degraded_omniscience,A_uniform,835894097,1,1,14.0746,5,12,4,12
1,search,4,12,3,20,closing on last reading,nan,,nan,nan,4,12,nan,nan,3,degraded_omniscience,A_uniform,835894097,1,1,13.6058,6,12,5,12
2,search,4,12,4,20,closing on last reading,nan,,nan,nan,4,12,nan,nan,3,degraded_omniscience,A_uniform,835894097,1,1,12.9979,6,13,5,12
3,search,4,12,4,19,closing on last reading,nan,,nan,nan,4,12,nan,nan,3,degraded_omniscience,A_uniform,835894097,1,1,12.4159,6,12,5,12
4,search,4,12,4,18,closing on last reading,nan,,nan,nan,4,12,nan,nan,3,degraded_omniscience,A_uniform,835894097,1,1,11.8829,6,13,5,13
5,search,4,12,4,17,closing on last reading,nan,,nan,nan,4,12,nan,nan,3,degraded_omniscience,A_uniform,835894097,1,1,11.4039,5,13,5,13
6,search,4,12,4,16,closing on last reading,nan,,nan,nan,4,12,nan,nan,3,degraded_omniscience,A_uniform,835894097,1,1,20.9068,5,14,5,13
7,search,4,12,4,15,closing on last reading,nan,,nan,nan,4,12,nan,nan,3,degraded_omniscience,A_uniform,835894097,1,1,21.1228,6,14,5,13
8,search,5,13,4,14,closing on last reading,nan,,nan,nan,5,13,nan,nan,3,degraded_omniscience,A_uniform,835894097,1,1,18.1129,6,15,5,13
9,search,5,13,5,14,closing on last reading,nan,,nan,nan,5,13,nan,nan,3,degraded_omniscience,A_uniform,835894097,1,1,18.5394,6,16,5,13
10,search,6,13,5,13,closing on last reading,nan,,nan,nan,6,13,nan,nan,3,degraded_omniscience,A_uniform,835894097,1,0,16.8577,7,16,5,13
11,search,6,16,6,13,closing on last reading,nan,,nan,nan,6,16,nan,nan,3,degraded_omniscience,A_uniform,835894097,1,1,1.6678,8,16,5,13
12,search,5,15,6,14,closing on last reading,nan,,nan,nan,5,15,nan,nan,3,degraded_omniscience,A_uniform,835894097,1,0,10.3618,9,16,5,13
13,search,6,16,5,14,closing on last reading,nan,,nan,nan,6,16,nan,nan,3,degraded_omniscience,A_uniform,835894097,1,1,10.0925,10,16,5,13
14,search,6,16,6,14,closing on last reading,nan,,nan,nan,6,16,nan,nan,3,degraded_omniscience,A_uniform,835894097,1,0,9.1504,10,15,5,13
15,search,6,16,6,15,closing on last reading,nan,,nan,nan,6,16,nan,nan,3,degraded_omniscience,A_uniform,835894097,1,0,8.5606,10,14,5,13
16,search,6,16,6,16,"holding on last reading, 0/12",nan,,nan,nan,6,16,nan,nan,3,degraded_omniscience,A_uniform,835894097,1,0,8.1251,10,15,5,13
17,search,6,16,6,16,"holding on last reading, 1/12",nan,,nan,nan,6,16,nan,nan,3,degraded_omniscience,A_uniform,835894097,1,0,7.7831,10,14,5,13
18,search,6,16,6,16,"holding on last reading, 2/12",nan,,nan,nan,6,16,nan,nan,3,degraded_omniscience,A_uniform,835894097,1,0,7.5067,10,15,5,13
19,search,6,16,6,16,"holding on last reading, 3/12",nan,,nan,nan,6,16,nan,nan,3,degraded_omniscience,A_uniform,835894097,1,0,7.279,10,14,5,13
20,search,6,16,6,16,"holding on last reading, 4/12",nan,,nan,nan,6,16,nan,nan,3,degraded_omniscience,A_uniform,835894097,1,0,7.0886,9,14,5,13
21,search,6,16,6,16,"holding on last reading, 5/12",nan,,nan,nan,6,16,nan,nan,3,degraded_omniscience,A_uniform,835894097,1,0,6.9275,8,14,5,13
22,search,6,16,6,16,"holding on last reading, 6/12",nan,,nan,nan,6,16,nan,nan,3,degraded_omniscience,A_uniform,835894097,1,0,6.7898,8,13,5,13
23,search,6,16,6,16,"holding on last reading, 7/12",nan,,nan,nan,6,16,nan,nan,3,degraded_omniscience,A_uniform,835894097,1,0,6.6709,8,12,5,13
24,search,6,16,6,16,"holding on last reading, 8/12",nan,,nan,nan,6,16,nan,nan,3,degraded_omniscience,A_uniform,835894097,1,0,6.5674,8,11,5,13
25,search,6,16,6,16,"holding on last reading, 9/12",nan,,nan,nan,6,16,nan,nan,3,degraded_omniscience,A_uniform,835894097,1,0,6.4767,8,10,5,13
26,search,6,16,6,16,"holding on last reading, 10/12",nan,,nan,nan,6,16,nan,nan,3,degraded_omniscience,A_uniform,835894097,1,0,6.3965,7,10,5,13
27,search,6,16,6,16,"holding on last reading, 11/12",nan,,nan,nan,6,16,nan,nan,3,degraded_omniscience,A_uniform,835894097,1,0,6.3252,6,10,5,13
28,resume_post,2,20,6,16,"contact lost, returning to post",nan,,nan,nan,2,20,nan,nan,3,degraded_omniscience,A_uniform,835894097,0,0,0.1854,5,10,5,13
0,search,9,18,8,12,closing on last reading,nan,,nan,nan,9,18,nan,nan,4,degraded_omniscience,A_uniform,11117006,1,1,10.5767,10,18,9,18
1,search,9,18,9,12,closing on last reading,nan,,nan,nan,9,18,nan,nan,4,degraded_omniscience,A_uniform,11117006,1,1,0.7243,10,17,10,17
2,search,9,18,10,12,closing on last reading,nan,,nan,nan,9,18,nan,nan,4,degraded_omniscience,A_uniform,11117006,1,1,0.7985,10,16,10,17
3,search,9,18,10,13,closing on last reading,nan,,nan,nan,9,18,nan,nan,4,degraded_omniscience,A_uniform,11117006,1,1,2.3179,10,15,10,17
0,search,1,11,11,3,closing on last reading,nan,,nan,nan,1,11,nan,nan,5,degraded_omniscience,A_uniform,345867229,1,1,11.7903,1,12,1,11
1,search,1,11,10,3,closing on last reading,nan,,nan,nan,1,11,nan,nan,5,degraded_omniscience,A_uniform,345867229,1,1,11.2896,2,12,1,11
2,search,1,11,10,2,closing on last reading,nan,,nan,nan,1,11,nan,nan,5,degraded_omniscience,A_uniform,345867229,1,1,10.753,2,11,1,11
3,search,1,11,9,2,closing on last reading,nan,,nan,nan,1,11,nan,nan,5,degraded_omniscience,A_uniform,345867229,1,1,10.25,2,10,1,11
4,search,1,11,8,2,closing on last reading,nan,,nan,nan,1,11,nan,nan,5,degraded_omniscience,A_uniform,345867229,1,1,9.7984,3,10,1,11
5,search,1,11,7,2,closing on last reading,nan,,nan,nan,1,11,nan,nan,5,degraded_omniscience,A_uniform,345867229,1,1,9.3963,3,9,1,11
6,search,1,11,6,2,closing on last reading,nan,,nan,nan,1,11,nan,nan,5,degraded_omniscience,A_uniform,345867229,1,1,9.0377,4,9,1,11
7,search,1,11,6,3,closing on last reading,nan,,nan,nan,1,11,nan,nan,5,degraded_omniscience,A_uniform,345867229,1,1,3.3267,5,9,3,9
8,search,1,11,6,4,closing on last reading,nan,,nan,nan,1,11,nan,nan,5,degraded_omniscience,A_uniform,345867229,1,1,3.813,6,9,3,9
9,search,1,11,5,4,closing on last reading,nan,,nan,nan,1,11,nan,nan,5,degraded_omniscience,A_uniform,345867229,1,0,4.1868,7,9,3,9
10,search,1,11,4,4,closing on last reading,nan,,nan,nan,1,11,nan,nan,5,degraded_omniscience,A_uniform,345867229,1,0,4.467,8,9,3,9
11,search,1,11,4,5,closing on last reading,nan,,nan,nan,1,11,nan,nan,5,degraded_omniscience,A_uniform,345867229,1,0,4.6756,8,10,3,9
12,search,1,11,4,6,closing on last reading,nan,,nan,nan,1,11,nan,nan,5,degraded_omniscience,A_uniform,345867229,1,0,4.8307,8,9,3,9
13,search,1,11,4,7,closing on last reading,nan,,nan,nan,1,11,nan,nan,5,degraded_omniscience,A_uniform,345867229,1,0,4.9462,8,8,3,9
14,search,1,11,4,8,closing on last reading,nan,,nan,nan,1,11,nan,nan,5,degraded_omniscience,A_uniform,345867229,1,0,5.9084,9,8,3,9
15,search,1,11,3,8,closing on last reading,nan,,nan,nan,1,11,nan,nan,5,degraded_omniscience,A_uniform,345867229,1,0,6.2299,10,8,3,9
16,search,1,11,2,8,closing on last reading,nan,,nan,nan,1,11,nan,nan,5,degraded_omniscience,A_uniform,345867229,1,0,6.0368,10,9,3,9
17,search,9,8,1,8,closing on last reading,nan,,nan,nan,9,8,nan,nan,5,degraded_omniscience,A_uniform,345867229,1,1,1.013,10,10,3,9
18,search,10,8,2,8,closing on last reading,nan,,nan,nan,10,8,nan,nan,5,degraded_omniscience,A_uniform,345867229,1,1,0.6241,10,11,3,9
19,search,10,8,3,8,closing on last reading,nan,,nan,nan,10,8,nan,nan,5,degraded_omniscience,A_uniform,345867229,1,1,0.6661,10,12,3,9
20,search,10,8,4,8,closing on last reading,nan,,nan,nan,10,8,nan,nan,5,degraded_omniscience,A_uniform,345867229,1,1,0.711,10,13,2,9
21,search,10,8,5,8,closing on last reading,nan,,nan,nan,10,8,nan,nan,5,degraded_omniscience,A_uniform,345867229,1,1,0.7578,10,14,2,9
22,search,10,8,6,8,closing on last reading,nan,,nan,nan,10,8,nan,nan,5,degraded_omniscience,A_uniform,345867229,1,1,0.8059,10,15,2,9
23,search,10,8,7,8,closing on last reading,nan,,nan,nan,10,8,nan,nan,5,degraded_omniscience,A_uniform,345867229,1,0,0.8548,10,16,2,9
24,search,10,8,8,8,closing on last reading,nan,,nan,nan,10,8,nan,nan,5,degraded_omniscience,A_uniform,345867229,1,0,0.9042,9,16,2,9
25,search,10,8,9,8,closing on last reading,nan,,nan,nan,10,8,nan,nan,5,degraded_omniscience,A_uniform,345867229,1,0,0.9538,8,16,2,9
26,search,10,8,10,8,"holding on last reading, 0/12",nan,,nan,nan,10,8,nan,nan,5,degraded_omniscience,A_uniform,345867229,1,0,1.0033,7,16,2,9
27,search,10,8,10,8,"holding on last reading, 1/12",nan,,nan,nan,10,8,nan,nan,5,degraded_omniscience,A_uniform,345867229,1,0,1.0525,6,16,2,9
28,search,10,8,10,8,"holding on last reading, 2/12",nan,,nan,nan,10,8,nan,nan,5,degraded_omniscience,A_uniform,345867229,1,0,1.1013,6,15,2,9
29,search,10,8,10,8,"holding on last reading, 3/12",nan,,nan,nan,10,8,nan,nan,5,degraded_omniscience,A_uniform,345867229,1,0,1.1494,5,15,2,9
30,search,10,8,10,8,"holding on last reading, 4/12",nan,,nan,nan,10,8,nan,nan,5,degraded_omniscience,A_uniform,345867229,1,0,1.1969,4,15,2,9
31,search,10,8,10,8,"holding on last reading, 5/12",nan,,nan,nan,10,8,nan,nan,5,degraded_omniscience,A_uniform,345867229,1,0,1.2434,4,16,2,9
32,search,10,8,10,8,"holding on last reading, 6/12",nan,,nan,nan,10,8,nan,nan,5,degraded_omniscience,A_uniform,345867229,1,0,1.2891,4,17,2,9
33,search,10,8,10,8,"holding on last reading, 7/12",nan,,nan,nan,10,8,nan,nan,5,degraded_omniscience,A_uniform,345867229,1,0,1.3337,4,18,2,9
34,search,10,8,10,8,"holding on last reading, 8/12",nan,,nan,nan,10,8,nan,nan,5,degraded_omniscience,A_uniform,345867229,1,0,1.3774,4,19,2,9
35,search,10,8,10,8,"holding on last reading, 9/12",nan,,nan,nan,10,8,nan,nan,5,degraded_omniscience,A_uniform,345867229,1,0,1.4199,4,20,2,9
36,search,10,8,10,8,"holding on last reading, 10/12",nan,,nan,nan,10,8,nan,nan,5,degraded_omniscience,A_uniform,345867229,1,0,1.4613,4,21,2,9
37,search,10,8,10,8,"holding on last reading, 11/12",nan,,nan,nan,10,8,nan,nan,5,degraded_omniscience,A_uniform,345867229,1,0,1.5016,4,22,2,9
38,resume_post,11,3,10,8,"contact lost, returning to post",nan,,nan,nan,11,3,nan,nan,5,degraded_omniscience,A_uniform,345867229,0,0,0.0,4,21,2,9
