failure,case,tick,agent,policy,action,target_r,target_c,true_r,true_c,attribution,peak_belief,entropy,reason
F1 watching-not-catching,2,3,belief,A_uniform,hold_position,,,9,19,,0.256063,0.4345,hold_position; at -38.83; drawn by gain -39.83; held back by miss +1.00; next best search -30.76; H 0.43; peak traceability 350.7
F1 watching-not-catching,3,5,belief,A_uniform,hold_position,,,5,13,,0.025522,0.9629,hold_position; at -0.57; drawn by gain -1.69; held back by miss +1.12; next best retreat +1.48; H 0.96; peak traceability 6.9
F1 watching-not-catching,3,8,belief,A_uniform,hold_position,,,6,15,,0.445221,0.2665,hold_position; at -38.79; drawn by gain -39.79; held back by miss +1.00; next best search -34.66; H 0.27; peak traceability 894.1
F1 watching-not-catching,3,10,belief,A_uniform,hold_position,,,7,16,,0.562216,0.2381,hold_position; at -36.12; drawn by gain -37.12; held back by miss +1.00; next best search -34.77; H 0.24; peak traceability 561.3
F1 watching-not-catching,3,13,belief,A_uniform,hold_position,,,10,16,,0.288558,0.385,hold_position; at -38.27; drawn by gain -39.32; held back by miss +1.05; next best search -30.44; H 0.39; peak traceability 3684.2
F1 watching-not-catching,3,20,belief,A_uniform,hold_position,,,9,14,,0.352635,0.3326,hold_position; at -33.24; drawn by gain -34.24; held back by miss +1.00; next best search -29.87; H 0.33; peak traceability 434.6
F1 watching-not-catching,3,23,belief,A_uniform,hold_position,,,8,12,,0.322238,0.3544,hold_position; at -37.28; drawn by gain -38.30; held back by miss +1.02; next best search -37.10; H 0.35; peak traceability 1494.9
F1 watching-not-catching,3,24,belief,A_uniform,hold_position,,,8,11,,0.429153,0.308,hold_position; at -37.96; drawn by gain -38.96; held back by miss +1.00; next best search -28.90; H 0.31; peak traceability 40618.7
F1 watching-not-catching,3,25,belief,A_uniform,hold_position,,,8,10,,0.485092,0.2758,hold_position; at -38.40; drawn by gain -39.40; held back by miss +1.00; next best search -29.12; H 0.28; peak traceability 103540.0
F1 watching-not-catching,3,26,belief,A_uniform,hold_position,,,7,10,,0.491709,0.2791,hold_position; at -37.37; drawn by gain -38.37; held back by miss +1.00; next best search -29.15; H 0.28; peak traceability 6069.2
F1 watching-not-catching,5,14,belief,A_uniform,hold_position,,,9,8,,0.154206,0.6624,hold_position; at -25.78; drawn by gain -26.78; held back by miss +1.00; next best search -13.17; H 0.66; peak traceability 122.8
F1 watching-not-catching,5,15,belief,A_uniform,hold_position,,,10,8,,0.363264,0.4155,hold_position; at -33.93; drawn by gain -34.93; held back by miss +1.00; next best search -25.84; H 0.42; peak traceability 1783.4
F1 watching-not-catching,5,16,belief,A_uniform,hold_position,,,10,9,,0.317172,0.3346,hold_position; at -32.11; drawn by gain -33.11; held back by miss +1.00; next best search -28.20; H 0.33; peak traceability 348.9
F1 watching-not-catching,8,19,belief,A_uniform,hold_position,,,9,19,,0.554965,0.2611,hold_position; at -38.11; drawn by gain -39.11; held back by miss +1.00; next best call_reinforcements -32.40; H 0.26; peak traceability 5372.0
F1 watching-not-catching,8,20,belief,A_uniform,hold_position,,,9,18,,0.491533,0.2588,hold_position; at -38.65; drawn by gain -39.65; held back by miss +1.00; next best search -32.72; H 0.26; peak traceability 193982.2
F1 watching-not-catching,10,32,belief,A_uniform,hold_position,,,1,19,,0.225937,0.6593,hold_position; at -18.45; drawn by gain -19.45; held back by miss +1.00; next best search -12.37; H 0.66; peak traceability 100.0
F1 watching-not-catching,10,34,belief,A_uniform,hold_position,,,2,20,,0.394921,0.3626,hold_position; at -38.08; drawn by gain -39.08; held back by miss +1.00; next best search -24.78; H 0.36; peak traceability 1563.4
F1 watching-not-catching,10,35,belief,A_uniform,hold_position,,,3,20,,0.499192,0.3148,hold_position; at -38.72; drawn by gain -39.72; held back by miss +1.00; next best search -30.10; H 0.31; peak traceability 21948.5
F1 watching-not-catching,10,36,belief,A_uniform,hold_position,,,4,20,,0.473485,0.2904,hold_position; at -38.89; drawn by gain -39.89; held back by miss +1.00; next best search -31.12; H 0.29; peak traceability 389676.7
F1 watching-not-catching,10,37,belief,A_uniform,hold_position,,,4,19,,0.308661,0.4157,hold_position; at -38.34; drawn by gain -39.37; held back by miss +1.02; next best search -31.01; H 0.42; peak traceability 986692.0
F1 watching-not-catching,10,38,belief,A_uniform,hold_position,,,4,18,,0.304204,0.4041,hold_position; at -38.45; drawn by gain -39.45; held back by miss +1.00; next best search -30.64; H 0.40; peak traceability 30296406.1
F1 watching-not-catching,11,11,belief,A_uniform,hold_position,,,8,10,,0.375802,0.4882,hold_position; at -31.00; drawn by gain -32.00; held back by miss +1.00; next best search -27.45; H 0.49; peak traceability 10207.9
F1 watching-not-catching,11,12,belief,A_uniform,hold_position,,,7,10,,0.494806,0.352,hold_position; at -35.59; drawn by gain -36.59; held back by miss +1.00; next best search -28.99; H 0.35; peak traceability 292133.7
F1 watching-not-catching,11,13,belief,A_uniform,hold_position,,,6,10,,0.458099,0.3003,hold_position; at -37.43; drawn by gain -38.43; held back by miss +1.00; next best search -30.13; H 0.30; peak traceability 9376212.8
F1 watching-not-catching,11,14,belief,A_uniform,hold_position,,,5,10,,0.509379,0.2664,hold_position; at -38.30; drawn by gain -39.30; held back by miss +1.00; next best search -30.79; H 0.27; peak traceability 244594111.5
F1 watching-not-catching,11,15,belief,A_uniform,hold_position,,,4,10,,0.514695,0.2461,hold_position; at -38.71; drawn by gain -39.71; held back by miss +1.00; next best search -30.93; H 0.25; peak traceability 22737023.6
F1 watching-not-catching,11,16,belief,A_uniform,hold_position,,,4,9,,0.370561,0.2973,hold_position; at -38.91; drawn by gain -39.91; held back by miss +1.00; next best search -30.87; H 0.30; peak traceability 229576.9
F1 watching-not-catching,11,17,belief,A_uniform,hold_position,,,4,8,,0.442113,0.3042,hold_position; at -38.95; drawn by gain -39.95; held back by miss +1.00; next best search -31.84; H 0.30; peak traceability 4129322.2
F1 watching-not-catching,11,24,belief,A_uniform,hold_position,,,4,3,,0.16833,0.7449,hold_position; at -13.45; drawn by gain -14.45; held back by miss +1.00; next best search -5.85; H 0.74; peak traceability 966.9
F1 watching-not-catching,12,29,belief,A_uniform,resume_post,12,20,12,15,0.4222,0.016141,0.8721,"resume_post; -> (12, 20); at +0.00; next best hold_position +0.83; H 0.87; peak traceability 1.0"
F1 watching-not-catching,13,21,belief,A_uniform,hold_position,,,12,17,,0.27076,0.4699,hold_position; at -27.45; drawn by gain -28.45; held back by miss +1.00; next best search -27.07; H 0.47; peak traceability 232.3
F1 watching-not-catching,13,22,belief,A_uniform,hold_position,,,12,18,,0.450064,0.2979,hold_position; at -36.13; drawn by gain -37.13; held back by miss +1.00; next best search -29.69; H 0.30; peak traceability 3013.3
F1 watching-not-catching,13,23,belief,A_uniform,hold_position,,,12,19,,0.528806,0.2295,hold_position; at -38.40; drawn by gain -39.40; held back by miss +1.00; next best search -31.85; H 0.23; peak traceability 34542.1
F1 watching-not-catching,13,24,belief,A_uniform,hold_position,,,12,20,,0.552536,0.2137,hold_position; at -38.87; drawn by gain -39.87; held back by miss +1.00; next best search -32.56; H 0.21; peak traceability 444504.1
F1 watching-not-catching,16,18,belief,A_uniform,hold_position,,,10,14,,0.412235,0.3732,hold_position; at -27.70; drawn by gain -28.70; held back by miss +1.00; next best search -27.06; H 0.37; peak traceability 357.5
F1 watching-not-catching,16,19,belief,A_uniform,hold_position,,,9,14,,0.422355,0.3644,hold_position; at -32.49; drawn by gain -33.49; held back by miss +1.00; next best search -28.77; H 0.36; peak traceability 316896.1
F1 watching-not-catching,16,21,belief,A_uniform,hold_position,,,8,13,,0.140315,0.6148,hold_position; at -22.43; drawn by gain -23.43; held back by miss +1.00; next best search -16.14; H 0.61; peak traceability 67752037.0
F1 watching-not-catching,16,22,belief,A_uniform,hold_position,,,8,12,,0.283208,0.531,hold_position; at -29.05; drawn by gain -30.05; held back by miss +1.00; next best search -20.41; H 0.53; peak traceability 3024046630.1
F1 watching-not-catching,16,23,belief,A_uniform,hold_position,,,8,11,,0.369357,0.4323,hold_position; at -33.70; drawn by gain -34.70; held back by miss +1.00; next best search -25.43; H 0.43; peak traceability 69235729816.4
F1 watching-not-catching,16,24,belief,A_uniform,hold_position,,,8,10,,0.424429,0.3578,hold_position; at -36.22; drawn by gain -37.22; held back by miss +1.00; next best search -27.98; H 0.36; peak traceability 3129048939.0
F1 watching-not-catching,16,25,belief,A_uniform,hold_position,,,7,10,,0.471454,0.2969,hold_position; at -37.54; drawn by gain -38.54; held back by miss +1.00; next best search -29.07; H 0.30; peak traceability 23768246.6
F1 watching-not-catching,16,54,belief,A_uniform,hold_position,,,10,8,,0.366063,0.4758,hold_position; at -29.51; drawn by gain -30.51; held back by miss +1.00; next best search -19.08; H 0.48; peak traceability 135254.8
F1 watching-not-catching,16,55,belief,A_uniform,hold_position,,,10,9,,0.335766,0.3795,hold_position; at -36.26; drawn by gain -37.26; held back by miss +1.00; next best search -26.90; H 0.38; peak traceability 3430008.4
F1 watching-not-catching,16,56,belief,A_uniform,hold_position,,,10,10,,0.511643,0.3012,hold_position; at -38.22; drawn by gain -39.22; held back by miss +1.00; next best search -29.14; H 0.30; peak traceability 38927737.7
F1 watching-not-catching,16,57,belief,A_uniform,hold_position,,,10,11,,0.503603,0.2698,hold_position; at -38.72; drawn by gain -39.72; held back by miss +1.00; next best search -30.40; H 0.27; peak traceability 343885839.1
F1 watching-not-catching,16,58,belief,A_uniform,hold_position,,,9,11,,0.326024,0.4052,hold_position; at -37.25; drawn by gain -38.27; held back by miss +1.02; next best search -29.61; H 0.41; peak traceability 415603332.6
F1 watching-not-catching,16,59,belief,A_uniform,hold_position,,,10,11,,0.195834,0.6114,hold_position; at -29.87; drawn by gain -30.92; held back by miss +1.05; next best search -22.27; H 0.61; peak traceability 308953388.5
F1 watching-not-catching,16,60,belief,A_uniform,hold_position,,,10,12,,0.383554,0.4325,hold_position; at -34.90; drawn by gain -35.90; held back by miss +1.00; next best search -26.41; H 0.43; peak traceability 9441033358.9
F1 watching-not-catching,16,61,belief,A_uniform,hold_position,,,10,13,,0.494469,0.3107,hold_position; at -37.70; drawn by gain -38.70; held back by miss +1.00; next best search -29.60; H 0.31; peak traceability 256041783836.6
F1 watching-not-catching,16,62,belief,A_uniform,hold_position,,,10,14,,0.52523,0.2641,hold_position; at -38.58; drawn by gain -39.58; held back by miss +1.00; next best search -31.34; H 0.26; peak traceability 7726849911.3
F1 watching-not-catching,17,21,belief,A_uniform,hold_position,,,10,11,,0.100027,0.7692,hold_position; at -9.92; drawn by gain -10.92; held back by miss +1.00; next best search -7.06; H 0.77; peak traceability 638344.1
F1 watching-not-catching,17,22,belief,A_uniform,hold_position,,,10,12,,0.21961,0.6796,hold_position; at -18.28; drawn by gain -19.28; held back by miss +1.00; next best search -11.73; H 0.68; peak traceability 22305968.1
F1 watching-not-catching,17,23,belief,A_uniform,hold_position,,,10,13,,0.334608,0.5481,hold_position; at -26.49; drawn by gain -27.49; held back by miss +1.00; next best search -19.59; H 0.55; peak traceability 634191459.1
F1 watching-not-catching,17,24,belief,A_uniform,hold_position,,,10,12,,0.489597,0.3165,hold_position; at -37.13; drawn by gain -38.13; held back by miss +1.00; next best search -30.56; H 0.32; peak traceability 2425056865.2
F1 watching-not-catching,17,25,belief,A_uniform,hold_position,,,10,13,,0.472836,0.2624,hold_position; at -38.69; drawn by gain -39.69; held back by miss +1.00; next best search -32.45; H 0.26; peak traceability 6293579272.0
F1 watching-not-catching,17,26,belief,A_uniform,hold_position,,,10,14,,0.53729,0.2472,hold_position; at -38.93; drawn by gain -39.93; held back by miss +1.00; next best search -32.41; H 0.25; peak traceability 19234220252.3
F1 watching-not-catching,17,27,belief,A_uniform,hold_position,,,9,14,,0.409005,0.2889,hold_position; at -38.98; drawn by gain -39.98; held back by miss +1.00; next best search -32.18; H 0.29; peak traceability 166691128.5
F1 watching-not-catching,17,28,belief,A_uniform,hold_position,,,10,14,,0.486316,0.2656,hold_position; at -39.00; drawn by gain -40.00; held back by miss +1.00; next best search -32.52; H 0.27; peak traceability 137510779.8
F1 watching-not-catching,17,29,belief,A_uniform,hold_position,,,10,15,,0.533975,0.2282,hold_position; at -39.00; drawn by gain -40.00; held back by miss +1.00; next best search -32.84; H 0.23; peak traceability 109752661.4
F1 watching-not-catching,17,30,belief,A_uniform,hold_position,,,10,16,,0.379991,0.3158,hold_position; at -38.61; drawn by gain -39.64; held back by miss +1.02; next best search -33.16; H 0.32; peak traceability 59024647.3
F1 watching-not-catching,17,47,belief,A_uniform,hold_position,,,8,19,,0.119102,0.6867,hold_position; at -16.85; drawn by gain -17.85; held back by miss +1.00; next best search -15.99; H 0.69; peak traceability 6208.7
F1 watching-not-catching,17,48,belief,A_uniform,hold_position,,,8,18,,0.320101,0.5363,hold_position; at -27.56; drawn by gain -28.56; held back by miss +1.00; next best search -24.69; H 0.54; peak traceability 286821.2
F1 watching-not-catching,17,49,belief,A_uniform,hold_position,,,8,17,,0.452622,0.3829,hold_position; at -34.67; drawn by gain -35.67; held back by miss +1.00; next best search -28.44; H 0.38; peak traceability 9322850.1
F1 watching-not-catching,18,0,belief,A_uniform,hold_position,,,10,5,,0.327207,0.3754,hold_position; at -37.99; drawn by gain -38.99; held back by miss +1.00; next best search -37.00; H 0.38; peak traceability 65.8
F1 watching-not-catching,18,1,belief,A_uniform,hold_position,,,10,4,,0.234902,0.5501,hold_position; at -33.09; drawn by gain -34.11; held back by miss +1.02; next best search -32.17; H 0.55; peak traceability 268.8
F1 watching-not-catching,18,2,belief,A_uniform,hold_position,,,10,5,,0.106947,0.8444,hold_position; at -17.63; drawn by gain -18.68; held back by miss +1.05; next best search -9.03; H 0.84; peak traceability 802.2
F1 watching-not-catching,18,3,belief,A_uniform,hold_position,,,10,4,,0.269296,0.5218,hold_position; at -31.92; drawn by gain -32.92; held back by miss +1.00; next best search -23.40; H 0.52; peak traceability 13559.8
F1 watching-not-catching,18,4,belief,A_uniform,hold_position,,,10,3,,0.445244,0.3383,hold_position; at -37.29; drawn by gain -38.29; held back by miss +1.00; next best search -29.72; H 0.34; peak traceability 162707.3
F1 watching-not-catching,19,0,belief,A_uniform,hold_position,,,4,6,,0.310057,0.408,hold_position; at -37.72; drawn by gain -38.72; held back by miss +1.00; next best search -35.76; H 0.41; peak traceability 62.3
F1 watching-not-catching,19,1,belief,A_uniform,hold_position,,,4,7,,0.425867,0.2756,hold_position; at -38.33; drawn by gain -39.33; held back by miss +1.00; next best search -36.78; H 0.28; peak traceability 461.3
F1 watching-not-catching,19,9,belief,A_uniform,hold_position,,,10,9,,0.112233,0.6657,hold_position; at -32.79; drawn by gain -33.79; held back by miss +1.00; next best search -15.08; H 0.67; peak traceability 80.8
F1 watching-not-catching,19,13,belief,A_uniform,hold_position,,,9,12,,0.292257,0.4526,hold_position; at -29.98; drawn by gain -30.98; held back by miss +1.00; next best search -25.59; H 0.45; peak traceability 160.8
F1 watching-not-catching,19,16,belief,A_uniform,hold_position,,,10,14,,0.365197,0.3154,hold_position; at -31.38; drawn by gain -32.38; held back by miss +1.00; next best search -30.79; H 0.32; peak traceability 191.8
F1 watching-not-catching,20,3,belief,A_uniform,hold_position,,,10,16,,0.131494,0.7554,hold_position; at -16.68; drawn by gain -17.68; held back by miss +1.00; next best search -5.85; H 0.76; peak traceability 140.4
F1 watching-not-catching,20,4,belief,A_uniform,hold_position,,,10,15,,0.348091,0.5,hold_position; at -29.74; drawn by gain -30.74; held back by miss +1.00; next best search -22.44; H 0.50; peak traceability 2502.3
F1 watching-not-catching,20,5,belief,A_uniform,hold_position,,,10,14,,0.31183,0.3611,hold_position; at -28.06; drawn by gain -29.06; held back by miss +1.00; next best search -27.60; H 0.36; peak traceability 204.6
F1 watching-not-catching,20,11,belief,A_uniform,hold_position,,,9,11,,0.316579,0.3684,hold_position; at -36.08; drawn by gain -37.08; held back by miss +1.00; next best search -25.41; H 0.37; peak traceability 1128.0
F1 watching-not-catching,20,13,belief,A_uniform,hold_position,,,8,10,,0.454385,0.3045,hold_position; at -37.46; drawn by gain -38.46; held back by miss +1.00; next best search -32.37; H 0.30; peak traceability 2529.2
F1 watching-not-catching,20,22,belief,A_uniform,hold_position,,,3,10,,0.362468,0.3512,hold_position; at -38.56; drawn by gain -39.56; held back by miss +1.00; next best search -25.76; H 0.35; peak traceability 368.4
F1 watching-not-catching,20,23,belief,A_uniform,hold_position,,,4,10,,0.466385,0.2812,hold_position; at -38.93; drawn by gain -39.93; held back by miss +1.00; next best search -30.22; H 0.28; peak traceability 3276.8
F1 watching-not-catching,20,24,belief,A_uniform,hold_position,,,5,10,,0.453524,0.2577,hold_position; at -38.99; drawn by gain -39.99; held back by miss +1.00; next best search -30.56; H 0.26; peak traceability 21654.5
F1 watching-not-catching,20,25,belief,A_uniform,hold_position,,,6,10,,0.531266,0.2466,hold_position; at -39.00; drawn by gain -40.00; held back by miss +1.00; next best search -31.48; H 0.25; peak traceability 250103.5
F1 watching-not-catching,20,26,belief,A_uniform,hold_position,,,7,10,,0.540784,0.2405,hold_position; at -39.00; drawn by gain -40.00; held back by miss +1.00; next best search -32.40; H 0.24; peak traceability 2941192.0
F1 watching-not-catching,20,27,belief,A_uniform,hold_position,,,8,10,,0.534513,0.2378,hold_position; at -39.00; drawn by gain -40.00; held back by miss +1.00; next best search -33.32; H 0.24; peak traceability 41194972.3
F1 watching-not-catching,20,28,belief,A_uniform,hold_position,,,9,10,,0.541363,0.2375,hold_position; at -39.00; drawn by gain -40.00; held back by miss +1.00; next best search -34.24; H 0.24; peak traceability 666818900.0
F1 watching-not-catching,21,13,belief,A_uniform,hold_position,,,10,20,,0.33784,0.4795,hold_position; at -34.84; drawn by gain -35.84; held back by miss +1.00; next best search -23.30; H 0.48; peak traceability 325.7
F1 watching-not-catching,21,24,belief,A_uniform,hold_position,,,12,13,,0.327182,0.2864,hold_position; at -34.76; drawn by gain -35.76; held back by miss +1.00; next best search -32.98; H 0.29; peak traceability 656.5
F1 watching-not-catching,21,28,belief,A_uniform,hold_position,,,12,11,,0.488671,0.2329,hold_position; at -38.89; drawn by gain -39.89; held back by miss +1.00; next best search -30.52; H 0.23; peak traceability 4268.4
F1 watching-not-catching,21,29,belief,A_uniform,hold_position,,,12,10,,0.426303,0.2154,hold_position; at -38.83; drawn by gain -39.83; held back by miss +1.00; next best search -30.24; H 0.22; peak traceability 17748.4
F1 watching-not-catching,21,30,belief,A_uniform,hold_position,,,12,9,,0.497249,0.2176,hold_position; at -37.14; drawn by gain -38.14; held back by miss +1.00; next best search -34.64; H 0.22; peak traceability 8251.0
F1 watching-not-catching,21,41,belief,A_uniform,hold_position,,,10,2,,0.294229,0.3396,hold_position; at -33.32; drawn by gain -34.35; held back by miss +1.02; next best search -29.95; H 0.34; peak traceability 1275.7
F1 watching-not-catching,21,67,belief,A_uniform,hold_position,,,8,8,,0.271758,0.4528,hold_position; at -35.58; drawn by gain -36.58; held back by miss +1.00; next best search -24.15; H 0.45; peak traceability 39.5
F1 watching-not-catching,21,68,belief,A_uniform,hold_position,,,9,8,,0.144266,0.6563,hold_position; at -24.25; drawn by gain -25.28; held back by miss +1.02; next best search -23.23; H 0.66; peak traceability 129.2
F1 watching-not-catching,21,69,belief,A_uniform,hold_position,,,10,8,,0.284182,0.4962,hold_position; at -29.02; drawn by gain -30.02; held back by miss +1.00; next best search -26.36; H 0.50; peak traceability 1415.7
F1 watching-not-catching,21,74,belief,A_uniform,hold_position,,,10,13,,0.357447,0.3245,hold_position; at -34.25; drawn by gain -35.25; held back by miss +1.00; next best search -24.66; H 0.32; peak traceability 114.2
F1 watching-not-catching,22,5,belief,A_uniform,hold_position,,,10,17,,0.238687,0.6204,hold_position; at -27.16; drawn by gain -28.16; held back by miss +1.00; next best search -18.59; H 0.62; peak traceability 1138.4
F1 watching-not-catching,22,6,belief,A_uniform,hold_position,,,10,16,,0.26347,0.4456,hold_position; at -32.24; drawn by gain -33.24; held back by miss +1.00; next best search -28.11; H 0.45; peak traceability 36201.6
F1 watching-not-catching,24,7,belief,A_uniform,hold_position,,,7,8,,0.31742,0.3683,hold_position; at -38.21; drawn by gain -39.21; held back by miss +1.00; next best search -26.32; H 0.37; peak traceability 401.5
F1 watching-not-catching,24,8,belief,A_uniform,hold_position,,,8,8,,0.221045,0.4991,hold_position; at -34.61; drawn by gain -35.64; held back by miss +1.02; next best search -29.66; H 0.50; peak traceability 1985.8
F1 watching-not-catching,24,9,belief,A_uniform,hold_position,,,8,9,,0.269896,0.4041,hold_position; at -37.71; drawn by gain -38.71; held back by miss +1.00; next best search -29.63; H 0.40; peak traceability 18527.4
F1 watching-not-catching,24,10,belief,A_uniform,hold_position,,,9,9,,0.163028,0.5501,hold_position; at -32.17; drawn by gain -33.19; held back by miss +1.02; next best search -28.55; H 0.55; peak traceability 69934.6
F1 watching-not-catching,24,13,belief,A_uniform,hold_position,,,9,10,,0.341681,0.3237,hold_position; at -38.66; drawn by gain -39.66; held back by miss +1.00; next best search -25.95; H 0.32; peak traceability 4160.8
F1 watching-not-catching,24,14,belief,A_uniform,hold_position,,,8,10,,0.247456,0.4199,hold_position; at -36.75; drawn by gain -37.77; held back by miss +1.02; next best search -30.25; H 0.42; peak traceability 12951.1
F1 watching-not-catching,24,15,belief,A_uniform,hold_position,,,9,10,,0.38083,0.3477,hold_position; at -38.56; drawn by gain -39.56; held back by miss +1.00; next best search -29.32; H 0.35; peak traceability 66546.0
F1 watching-not-catching,24,16,belief,A_uniform,hold_position,,,9,11,,0.381435,0.3261,hold_position; at -38.31; drawn by gain -39.31; held back by miss +1.00; next best search -29.64; H 0.33; peak traceability 128542.4
F1 watching-not-catching,24,17,belief,A_uniform,hold_position,,,10,11,,0.34528,0.3248,hold_position; at -34.88; drawn by gain -35.88; held back by miss +1.00; next best search -29.36; H 0.32; peak traceability 5270.1
F1 watching-not-catching,25,7,belief,A_uniform,hold_position,,,10,11,,0.056783,0.8212,hold_position; at -4.23; drawn by gain -5.23; held back by miss +1.00; next best search -2.65; H 0.82; peak traceability 25.4
F1 watching-not-catching,25,8,belief,A_uniform,hold_position,,,10,12,,0.111356,0.7186,hold_position; at -16.19; drawn by gain -17.19; held back by miss +1.00; next best search -14.63; H 0.72; peak traceability 69.5
F1 watching-not-catching,25,9,belief,A_uniform,hold_position,,,10,13,,0.209243,0.6146,hold_position; at -23.63; drawn by gain -24.63; held back by miss +1.00; next best search -21.70; H 0.61; peak traceability 8931.9
F1 watching-not-catching,25,12,belief,A_uniform,hold_position,,,10,14,,0.319354,0.5993,hold_position; at -17.49; drawn by gain -18.49; held back by miss +1.00; next best search -13.54; H 0.60; peak traceability 604.5
F1 watching-not-catching,26,9,belief,A_uniform,hold_position,,,6,14,,0.440102,0.2892,hold_position; at -38.13; drawn by gain -39.13; held back by miss +1.00; next best search -36.94; H 0.29; peak traceability 1734.4
F1 watching-not-catching,27,8,belief,A_uniform,hold_position,,,4,8,,0.43575,0.2718,hold_position; at -32.69; drawn by gain -33.69; held back by miss +1.00; next best search -27.44; H 0.27; peak traceability 1391.4
F1 watching-not-catching,28,12,belief,A_uniform,hold_position,,,4,8,,0.178814,0.5962,hold_position; at -24.64; drawn by gain -25.64; held back by miss +1.00; next best search -20.75; H 0.60; peak traceability 424.3
F1 watching-not-catching,28,14,belief,A_uniform,hold_position,,,4,6,,0.26734,0.4616,hold_position; at -30.91; drawn by gain -31.91; held back by miss +1.00; next best search -21.19; H 0.46; peak traceability 85878.1
F1 watching-not-catching,31,14,belief,A_uniform,hold_position,,,10,10,,0.055986,0.7776,hold_position; at -5.78; drawn by gain -6.78; held back by miss +1.00; next best retreat +1.35; H 0.78; peak traceability 16.8
F1 watching-not-catching,31,16,belief,A_uniform,hold_position,,,10,10,,0.376412,0.3813,hold_position; at -36.49; drawn by gain -37.49; held back by miss +1.00; next best search -24.26; H 0.38; peak traceability 878.3
F1 watching-not-catching,31,17,belief,A_uniform,hold_position,,,10,11,,0.412715,0.3264,hold_position; at -38.31; drawn by gain -39.31; held back by miss +1.00; next best search -29.97; H 0.33; peak traceability 15275.9
F1 watching-not-catching,31,18,belief,A_uniform,hold_position,,,10,12,,0.497876,0.285,hold_position; at -38.79; drawn by gain -39.79; held back by miss +1.00; next best search -31.10; H 0.28; peak traceability 288990.7
F1 watching-not-catching,31,19,belief,A_uniform,hold_position,,,10,13,,0.516949,0.2588,hold_position; at -38.93; drawn by gain -39.93; held back by miss +1.00; next best search -32.08; H 0.26; peak traceability 1925466.9
F1 watching-not-catching,31,20,belief,A_uniform,hold_position,,,10,14,,0.519479,0.2452,hold_position; at -38.97; drawn by gain -39.97; held back by miss +1.00; next best search -34.21; H 0.25; peak traceability 905333.3
F1 watching-not-catching,35,22,belief,A_uniform,hold_position,,,12,17,,0.22764,0.6174,hold_position; at -21.67; drawn by gain -22.67; held back by miss +1.00; next best search -13.99; H 0.62; peak traceability 221.4
F1 watching-not-catching,35,23,belief,A_uniform,hold_position,,,12,18,,0.410477,0.3444,hold_position; at -34.66; drawn by gain -35.66; held back by miss +1.00; next best search -27.78; H 0.34; peak traceability 2757.8
F1 watching-not-catching,35,24,belief,A_uniform,hold_position,,,12,19,,0.517216,0.24,hold_position; at -38.12; drawn by gain -39.12; held back by miss +1.00; next best search -31.50; H 0.24; peak traceability 33908.1
F1 watching-not-catching,36,2,belief,A_uniform,hold_position,,,6,3,,0.465322,0.3072,hold_position; at -38.17; drawn by gain -39.17; held back by miss +1.00; next best search -25.57; H 0.31; peak traceability 539.2
F1 watching-not-catching,36,3,belief,A_uniform,hold_position,,,6,4,,0.437009,0.3121,hold_position; at -33.92; drawn by gain -34.92; held back by miss +1.00; next best search -29.54; H 0.31; peak traceability 2816.8
F1 watching-not-catching,36,14,belief,A_uniform,hold_position,,,4,1,,0.468287,0.2387,hold_position; at -38.99; drawn by gain -39.99; held back by miss +1.00; next best search -38.18; H 0.24; peak traceability 1052.6
F1 watching-not-catching,36,15,belief,A_uniform,hold_position,,,4,2,,0.395569,0.2496,hold_position; at -39.00; drawn by gain -40.00; held back by miss +1.00; next best search -38.80; H 0.25; peak traceability 5601.1
F1 watching-not-catching,36,16,belief,A_uniform,hold_position,,,4,3,,0.557685,0.2395,hold_position; at -39.00; drawn by gain -40.00; held back by miss +1.00; next best search -38.80; H 0.24; peak traceability 59536.3
F1 watching-not-catching,37,0,belief,A_uniform,hold_position,,,4,6,,0.310057,0.408,hold_position; at -37.72; drawn by gain -38.72; held back by miss +1.00; next best search -35.76; H 0.41; peak traceability 62.3
F1 watching-not-catching,37,1,belief,A_uniform,hold_position,,,4,7,,0.425867,0.2756,hold_position; at -38.33; drawn by gain -39.33; held back by miss +1.00; next best search -36.78; H 0.28; peak traceability 461.3
F1 watching-not-catching,37,9,belief,A_uniform,hold_position,,,10,9,,0.154437,0.5291,hold_position; at -38.30; drawn by gain -39.30; held back by miss +1.00; next best search -21.95; H 0.53; peak traceability 111.2
F1 watching-not-catching,37,14,belief,A_uniform,hold_position,,,10,12,,0.379524,0.28,hold_position; at -35.28; drawn by gain -36.28; held back by miss +1.00; next best search -31.76; H 0.28; peak traceability 211.0
F1 watching-not-catching,37,29,belief,A_uniform,hold_position,,,4,15,,0.411086,0.3194,hold_position; at -36.59; drawn by gain -37.59; held back by miss +1.00; next best search -26.47; H 0.32; peak traceability 801.4
F1 watching-not-catching,38,41,belief,A_uniform,hold_position,,,12,9,,0.419074,0.4784,hold_position; at -30.15; drawn by gain -31.15; held back by miss +1.00; next best call_reinforcements -21.53; H 0.48; peak traceability 91124.6
F1 watching-not-catching,38,42,belief,A_uniform,hold_position,,,12,10,,0.519511,0.3139,hold_position; at -35.93; drawn by gain -36.93; held back by miss +1.00; next best call_reinforcements -29.56; H 0.31; peak traceability 2529239.1
F1 watching-not-catching,38,43,belief,A_uniform,hold_position,,,12,11,,0.552293,0.2419,hold_position; at -38.06; drawn by gain -39.06; held back by miss +1.00; next best call_reinforcements -32.18; H 0.24; peak traceability 62866143.6
F2 chasing-the-smear,1,0,belief,A_uniform,search,5,4,6,6,2.8743,0.064244,0.8546,"search; -> (5, 4); at -17.07; drawn by gain -21.56; held back by travel +2.40; next best search -16.60; H 0.85; peak traceability 12.9"
F2 chasing-the-smear,3,15,belief,A_uniform,search,8,18,10,14,2.9711,0.170358,0.5378,"search; -> (8, 18); at -29.64; drawn by gain -32.12; held back by travel +2.40; next best hold_position -22.84; H 0.54; peak traceability 76.4"
F2 chasing-the-smear,3,33,belief,A_uniform,search,6,10,4,6,6.2481,0.132918,0.7267,"search; -> (6, 10); at -23.29; drawn by gain -25.26; held back by travel +1.80; next best hold_position -5.65; H 0.73; peak traceability 34.7"
F2 chasing-the-smear,3,35,belief,A_uniform,search,6,18,2,6,0.0001,0.043825,0.883,"search; -> (6, 18); at -5.72; drawn by gain -15.40; held back by travel +8.40; next best search -3.14; H 0.88; peak traceability 10603.4"
F2 chasing-the-smear,3,36,belief,A_uniform,search,6,18,2,5,0.0001,0.044927,0.874,"search; -> (6, 18); at -7.03; drawn by gain -15.79; held back by travel +7.80; next best search -0.38; H 0.87; peak traceability 9914.7"
F2 chasing-the-smear,3,37,belief,A_uniform,search,6,18,2,4,0.0001,0.045088,0.8727,"search; -> (6, 18); at -7.94; drawn by gain -15.78; held back by travel +7.20; next best search -1.27; H 0.87; peak traceability 10091.9"
F2 chasing-the-smear,3,38,belief,A_uniform,search,6,18,2,3,0.0001,0.045041,0.8737,"search; -> (6, 18); at -8.78; drawn by gain -15.70; held back by travel +6.60; next best search -2.11; H 0.87; peak traceability 10224.1"
F2 chasing-the-smear,3,39,belief,A_uniform,search,6,18,2,2,0.0001,0.044971,0.8748,"search; -> (6, 18); at -9.64; drawn by gain -15.64; held back by travel +6.00; next best search -2.95; H 0.87; peak traceability 10348.6"
F2 chasing-the-smear,3,40,belief,A_uniform,search,6,18,3,2,0.0001,0.044953,0.8751,"search; -> (6, 18); at -10.20; drawn by gain -15.60; held back by travel +5.40; next best search -3.50; H 0.88; peak traceability 10478.0"
F2 chasing-the-smear,3,41,belief,A_uniform,search,6,18,4,2,0.0001,0.045082,0.8738,"search; -> (6, 18); at -10.82; drawn by gain -15.63; held back by travel +4.80; next best search -4.11; H 0.87; peak traceability 10613.8"
F2 chasing-the-smear,3,42,belief,A_uniform,search,6,18,4,3,0.0001,0.045207,0.8723,"search; -> (6, 18); at -11.45; drawn by gain -15.65; held back by travel +4.20; next best search -4.72; H 0.87; peak traceability 10727.9"
F2 chasing-the-smear,3,43,belief,A_uniform,search,6,18,4,4,0.0002,0.047763,0.8734,"search; -> (6, 18); at -11.53; drawn by gain -15.13; held back by travel +3.60; next best search -5.10; H 0.87; peak traceability 11440.4"
F2 chasing-the-smear,3,44,belief,A_uniform,search,6,18,5,4,0.0002,0.049533,0.8731,"search; -> (6, 18); at -12.01; drawn by gain -15.01; held back by travel +3.00; next best search -5.68; H 0.87; peak traceability 11913.3"
F2 chasing-the-smear,3,45,belief,A_uniform,search,6,18,6,4,0.0003,0.052947,0.8748,"search; -> (6, 18); at -11.71; drawn by gain -14.11; held back by travel +2.40; next best search -5.43; H 0.87; peak traceability 12791.8"
F2 chasing-the-smear,3,46,belief,A_uniform,search,6,18,6,3,0.0003,0.058187,0.879,"search; -> (6, 18); at -11.13; drawn by gain -12.93; held back by travel +1.80; next best search -5.61; H 0.88; peak traceability 14214.8"
F2 chasing-the-smear,3,48,belief,A_uniform,search,3,18,6,1,0.0,0.014771,0.9196,"search; -> (3, 18); at -3.75; drawn by gain -7.95; held back by travel +4.20; next best flank +0.60; H 0.92; peak traceability 119454.7"
F2 chasing-the-smear,3,49,belief,A_uniform,search,3,18,6,2,0.0,0.014786,0.914,"search; -> (3, 18); at -4.12; drawn by gain -7.72; held back by travel +3.60; next best hold_position +1.38; H 0.91; peak traceability 118481.7"
F2 chasing-the-smear,5,21,belief,A_uniform,search,2,14,10,14,0.0013,0.066071,0.7945,"search; -> (2, 14); at -4.52; drawn by gain -16.01; held back by travel +6.60; next best hold_position -1.75; H 0.79; peak traceability 6.7"
F2 chasing-the-smear,5,22,belief,A_uniform,search,2,14,10,15,0.0014,0.0666,0.7927,"search; -> (2, 14); at -9.33; drawn by gain -16.19; held back by travel +6.00; next best hold_position +0.29; H 0.79; peak traceability 7.0"
F2 chasing-the-smear,5,23,belief,A_uniform,search,2,14,10,16,0.0014,0.066155,0.7957,"search; -> (2, 14); at -9.62; drawn by gain -15.87; held back by travel +5.40; next best hold_position +0.63; H 0.80; peak traceability 7.1"
F2 chasing-the-smear,5,24,belief,A_uniform,search,2,14,9,16,0.0014,0.066938,0.8012,"search; -> (2, 14); at -9.42; drawn by gain -15.04; held back by travel +4.80; next best hold_position +0.31; H 0.80; peak traceability 7.3"
F2 chasing-the-smear,5,25,belief,A_uniform,search,2,14,8,16,0.0015,0.067224,0.8187,"search; -> (2, 14); at -6.59; drawn by gain -11.53; held back by travel +4.20; next best hold_position -0.59; H 0.82; peak traceability 8.2"
F2 chasing-the-smear,5,27,belief,A_uniform,search,10,13,6,16,1.0638,0.026022,0.8661,"search; -> (10, 13); at -1.82; drawn by gain -10.86; held back by travel +7.80; next best search -1.25; H 0.87; peak traceability 4.8"
F2 chasing-the-smear,5,29,belief,A_uniform,search,10,15,5,15,0.1427,0.024634,0.8708,"search; -> (10, 15); at -1.79; drawn by gain -13.15; held back by travel +8.40; next best hold_position +1.13; H 0.87; peak traceability 4.0"
F2 chasing-the-smear,5,30,belief,A_uniform,search,10,15,4,15,0.1812,0.024253,0.8711,"search; -> (10, 15); at -2.13; drawn by gain -12.90; held back by travel +7.80; next best hold_position +1.10; H 0.87; peak traceability 4.0"
F2 chasing-the-smear,5,31,belief,A_uniform,search,10,15,4,16,0.2236,0.024081,0.8705,"search; -> (10, 15); at -2.30; drawn by gain -12.47; held back by travel +7.20; next best hold_position +1.02; H 0.87; peak traceability 4.0"
F2 chasing-the-smear,5,32,belief,A_uniform,search,10,15,4,17,0.2695,0.022483,0.8701,"search; -> (10, 15); at -2.13; drawn by gain -11.66; held back by travel +6.60; next best hold_position +0.81; H 0.87; peak traceability 4.0"
F2 chasing-the-smear,5,33,belief,A_uniform,search,10,15,4,18,0.3185,0.022092,0.8686,"search; -> (10, 15); at -1.04; drawn by gain -9.86; held back by travel +6.00; next best hold_position +0.51; H 0.87; peak traceability 3.2"
F2 chasing-the-smear,5,34,belief,A_uniform,search,10,15,4,19,0.3704,0.016859,0.8645,"search; -> (10, 15); at -0.27; drawn by gain -8.40; held back by travel +5.40; next best hold_position +0.77; H 0.86; peak traceability 3.1"
F2 chasing-the-smear,5,35,belief,A_uniform,search,10,15,4,20,0.4246,0.016759,0.8604,"search; -> (10, 15); at +0.27; drawn by gain -7.51; held back by travel +4.80; next best hold_position +1.16; H 0.86; peak traceability 1.0"
F2 chasing-the-smear,5,37,belief,A_uniform,search,9,17,4,22,0.0158,0.017317,0.8576,"search; -> (9, 17); at -0.91; drawn by gain -12.49; held back by travel +6.00; next best hold_position +1.41; H 0.86; peak traceability 1.1"
F2 chasing-the-smear,5,38,belief,A_uniform,search,9,17,4,21,0.0197,0.017502,0.8569,"search; -> (9, 17); at -1.21; drawn by gain -12.15; held back by illegibility +5.54; next best hold_position +1.32; H 0.86; peak traceability 1.1"
F2 chasing-the-smear,6,5,belief,A_uniform,search,9,12,9,16,8.1418,0.054727,0.7986,"search; -> (9, 12); at -21.29; drawn by gain -28.77; held back by travel +6.60; next best search -10.66; H 0.80; peak traceability 6.8"
F2 chasing-the-smear,6,6,belief,A_uniform,search,9,12,8,16,7.8825,0.057003,0.7913,"search; -> (9, 12); at -21.68; drawn by gain -28.59; held back by travel +6.00; next best search -11.99; H 0.79; peak traceability 6.6"
F2 chasing-the-smear,6,7,belief,A_uniform,search,9,12,7,16,7.6634,0.067384,0.7812,"search; -> (9, 12); at -20.29; drawn by gain -26.53; held back by travel +5.40; next best search -12.76; H 0.78; peak traceability 7.1"
F2 chasing-the-smear,6,8,belief,A_uniform,search,9,13,6,16,7.0625,0.074859,0.7805,"search; -> (9, 13); at -14.17; drawn by gain -24.40; held back by travel +5.40; next best search -12.22; H 0.78; peak traceability 7.2"
F2 chasing-the-smear,6,9,belief,A_uniform,search,9,13,6,17,6.9862,0.076936,0.7947,"search; -> (9, 13); at -16.37; drawn by gain -21.92; held back by travel +4.80; next best search -10.85; H 0.79; peak traceability 8.1"
F2 chasing-the-smear,6,10,belief,A_uniform,search,10,15,6,18,3.4699,0.069185,0.8417,"search; -> (10, 15); at -6.61; drawn by gain -17.77; held back by travel +6.00; next best search -5.46; H 0.84; peak traceability 9.4"
F2 chasing-the-smear,6,11,belief,A_uniform,search,10,15,6,19,3.5093,0.062041,0.8876,"search; -> (10, 15); at -6.77; drawn by gain -13.06; held back by travel +5.40; next best search -2.96; H 0.89; peak traceability 9.6"
F2 chasing-the-smear,6,12,belief,A_uniform,search,10,15,6,20,3.5413,0.034442,0.9015,"search; -> (10, 15); at -4.01; drawn by gain -9.72; held back by travel +4.80; next best search -0.50; H 0.90; peak traceability 3.9"
F2 chasing-the-smear,6,13,belief,A_uniform,search,10,16,6,21,1.8439,0.027343,0.9036,"search; -> (10, 16); at +0.59; drawn by gain -9.91; held back by travel +4.80; next best hold_position +0.74; H 0.90; peak traceability 3.5"
F2 chasing-the-smear,6,15,belief,A_uniform,search,9,17,6,21,0.8467,0.0217,0.904,"search; -> (9, 17); at -2.37; drawn by gain -10.94; held back by travel +5.40; next best hold_position +1.10; H 0.90; peak traceability 1.9"
F2 chasing-the-smear,6,16,belief,A_uniform,search,9,17,6,22,0.8695,0.0189,0.9048,"search; -> (9, 17); at -2.34; drawn by gain -10.39; held back by travel +4.80; next best hold_position +1.01; H 0.90; peak traceability 1.8"
F2 chasing-the-smear,6,17,belief,A_uniform,search,9,17,6,21,0.8917,0.016954,0.905,"search; -> (9, 17); at -2.39; drawn by gain -9.93; held back by travel +4.20; next best hold_position +1.09; H 0.90; peak traceability 1.8"
F2 chasing-the-smear,6,19,belief,A_uniform,search,8,16,6,19,0.806,0.013592,0.9061,"search; -> (8, 16); at -1.84; drawn by gain -9.18; held back by illegibility +3.74; next best hold_position +1.11; H 0.91; peak traceability 1.6"
F2 chasing-the-smear,6,20,belief,A_uniform,search,8,16,6,18,0.8233,0.013228,0.9055,"search; -> (8, 16); at -1.63; drawn by gain -8.40; held back by illegibility +3.76; next best hold_position +0.97; H 0.91; peak traceability 1.6"
F2 chasing-the-smear,8,3,belief,A_uniform,search,9,17,10,20,9.1629,0.06037,0.8246,"search; -> (9, 17); at -17.84; drawn by gain -25.16; held back by travel +6.60; next best search -9.84; H 0.82; peak traceability 8.3"
F2 chasing-the-smear,8,4,belief,A_uniform,search,9,17,11,20,8.8112,0.05999,0.8246,"search; -> (9, 17); at -18.30; drawn by gain -25.05; held back by travel +6.00; next best search -10.42; H 0.82; peak traceability 7.9"
F2 chasing-the-smear,8,5,belief,A_uniform,search,9,17,12,20,8.5362,0.059589,0.8238,"search; -> (9, 17); at -18.76; drawn by gain -24.94; held back by travel +5.40; next best search -11.05; H 0.82; peak traceability 7.6"
F2 chasing-the-smear,8,6,belief,A_uniform,search,9,17,12,19,8.3103,0.058965,0.8243,"search; -> (9, 17); at -19.21; drawn by gain -24.81; held back by travel +4.80; next best search -11.62; H 0.82; peak traceability 7.4"
F2 chasing-the-smear,8,7,belief,A_uniform,search,9,18,12,18,7.6067,0.058867,0.8551,"search; -> (9, 18); at -12.53; drawn by gain -22.08; held back by travel +4.80; next best search -11.58; H 0.86; peak traceability 8.0"
F2 chasing-the-smear,8,8,belief,A_uniform,search,8,19,12,17,5.554,0.039986,0.8827,"search; -> (8, 19); at -10.90; drawn by gain -20.00; held back by travel +4.20; next best search -9.77; H 0.88; peak traceability 6.7"
F2 chasing-the-smear,8,9,belief,A_uniform,search,8,19,12,16,5.5223,0.039727,0.8876,"search; -> (8, 19); at -14.68; drawn by gain -19.16; held back by travel +3.60; next best search -9.35; H 0.89; peak traceability 6.8"
F2 chasing-the-smear,8,10,belief,A_uniform,search,8,19,12,17,5.4847,0.038693,0.8921,"search; -> (8, 19); at -13.35; drawn by gain -17.20; held back by travel +3.00; next best search -7.97; H 0.89; peak traceability 7.1"
F2 chasing-the-smear,8,11,belief,A_uniform,search,10,15,12,18,4.762,0.033963,0.9007,"search; -> (10, 15); at -6.76; drawn by gain -14.29; held back by dither +4.00; next best search -6.28; H 0.90; peak traceability 5.4"
F2 chasing-the-smear,8,12,belief,A_uniform,search,10,14,12,19,2.692,0.024872,0.9277,"search; -> (10, 14); at -2.57; drawn by gain -10.45; held back by dither +4.00; next best hold_position -1.45; H 0.93; peak traceability 4.1"
F2 chasing-the-smear,8,13,belief,A_uniform,search,9,13,12,20,1.2639,0.023196,0.9203,"search; -> (9, 13); at -1.42; drawn by gain -10.89; held back by dither +4.00; next best hold_position +0.57; H 0.92; peak traceability 2.4"
F2 chasing-the-smear,9,7,belief,A_uniform,search,5,4,11,2,6.3819,0.049334,0.8478,"search; -> (5, 4); at -21.21; drawn by gain -25.69; held back by travel +3.60; next best search -16.60; H 0.85; peak traceability 5.8"
F2 chasing-the-smear,9,8,belief,A_uniform,search,5,4,12,2,6.0276,0.050107,0.8434,"search; -> (5, 4); at -21.09; drawn by gain -24.98; held back by travel +3.00; next best search -17.25; H 0.84; peak traceability 5.8"
F2 chasing-the-smear,9,9,belief,A_uniform,search,5,4,11,2,5.7142,0.051738,0.8314,"search; -> (5, 4); at -20.33; drawn by gain -23.62; held back by travel +2.40; next best search -17.32; H 0.83; peak traceability 5.8"
F2 chasing-the-smear,9,10,belief,A_uniform,search,7,5,12,2,4.0127,0.049398,0.8175,"search; -> (7, 5); at -15.69; drawn by gain -24.53; held back by dither +4.00; next best search -11.96; H 0.82; peak traceability 4.8"
F2 chasing-the-smear,9,11,belief,A_uniform,search,7,5,12,3,4.0119,0.057044,0.8268,"search; -> (7, 5); at -18.58; drawn by gain -22.70; held back by travel +3.00; next best search -6.13; H 0.83; peak traceability 5.4"
F2 chasing-the-smear,9,12,belief,A_uniform,search,7,6,12,4,3.8522,0.047428,0.8861,"search; -> (7, 6); at -6.08; drawn by gain -13.91; held back by dither +4.00; next best hold_position -3.77; H 0.89; peak traceability 7.2"
F2 chasing-the-smear,9,14,belief,A_uniform,search,6,2,12,6,3.2042,0.023943,0.9028,"search; -> (6, 2); at -3.79; drawn by gain -6.43; held back by travel +1.80; next best hold_position -0.57; H 0.90; peak traceability 7.1"
F2 chasing-the-smear,10,4,belief,A_uniform,search,9,21,10,18,8.7383,0.057214,0.8252,"search; -> (9, 21); at -14.17; drawn by gain -25.72; held back by travel +10.80; next best hold_position +1.06; H 0.83; peak traceability 8.0"
F2 chasing-the-smear,10,10,belief,A_uniform,search,9,21,10,14,7.5265,0.052499,0.828,"search; -> (9, 21); at -17.78; drawn by gain -25.86; held back by travel +7.20; next best hold_position +1.09; H 0.83; peak traceability 6.8"
F2 chasing-the-smear,10,12,belief,A_uniform,search,9,21,10,14,7.2402,0.053254,0.8319,"search; -> (9, 21); at -18.24; drawn by gain -25.13; held back by travel +6.00; next best hold_position +0.61; H 0.83; peak traceability 6.8"
F2 chasing-the-smear,10,13,belief,A_uniform,search,9,21,9,14,7.1105,0.053968,0.8346,"search; -> (9, 21); at -18.37; drawn by gain -24.65; held back by travel +5.40; next best hold_position +0.61; H 0.83; peak traceability 6.8"
F2 chasing-the-smear,10,14,belief,A_uniform,search,9,21,8,14,6.9886,0.055352,0.8396,"search; -> (9, 21); at -18.30; drawn by gain -23.97; held back by travel +4.80; next best hold_position +0.37; H 0.84; peak traceability 6.9"
F2 chasing-the-smear,10,15,belief,A_uniform,search,9,21,9,14,6.8737,0.057093,0.8447,"search; -> (9, 21); at -18.10; drawn by gain -23.14; held back by travel +4.20; next best hold_position +0.33; H 0.84; peak traceability 7.1"
F2 chasing-the-smear,10,16,belief,A_uniform,search,9,21,10,14,6.7652,0.05948,0.8516,"search; -> (9, 21); at -17.49; drawn by gain -21.89; held back by travel +3.60; next best hold_position +0.02; H 0.85; peak traceability 7.5"
F2 chasing-the-smear,10,25,belief,A_uniform,search,6,16,4,15,17.7463,0.250783,0.579,"search; -> (6, 16); at -30.30; drawn by gain -32.22; held back by travel +1.80; next best search -25.24; H 0.58; peak traceability 50.0"
F2 chasing-the-smear,10,26,belief,A_uniform,search,6,18,4,16,2.1112,0.11818,0.6502,"search; -> (6, 18); at -18.93; drawn by gain -25.90; held back by dither +4.00; next best search -17.80; H 0.65; peak traceability 89.7"
F2 chasing-the-smear,10,27,belief,A_uniform,search,6,14,4,17,7.4175,0.10573,0.7354,"search; -> (6, 14); at -19.08; drawn by gain -25.12; held back by dither +4.00; next best search -18.42; H 0.74; peak traceability 25.6"
F2 chasing-the-smear,11,6,belief,A_uniform,search,9,17,9,14,8.3103,0.06182,0.8015,"search; -> (9, 17); at -15.43; drawn by gain -26.53; held back by travel +10.20; next best search -9.45; H 0.80; peak traceability 6.6"
F2 chasing-the-smear,11,7,belief,A_uniform,search,9,17,8,14,8.1163,0.062501,0.7902,"search; -> (9, 17); at -16.50; drawn by gain -27.08; held back by travel +9.60; next best search -10.00; H 0.79; peak traceability 6.1"
F2 chasing-the-smear,11,8,belief,A_uniform,search,9,17,8,13,7.944,0.062065,0.7873,"search; -> (9, 17); at -17.14; drawn by gain -27.15; held back by travel +9.00; next best search -10.33; H 0.79; peak traceability 5.9"
F2 chasing-the-smear,12,9,belief,A_uniform,search,2,5,8,3,6.3821,0.044006,0.8172,"search; -> (2, 5); at -12.24; drawn by gain -28.17; held back by travel +10.80; next best search -10.03; H 0.82; peak traceability 5.3"
F2 chasing-the-smear,12,10,belief,A_uniform,search,2,5,8,2,6.2794,0.043716,0.8142,"search; -> (2, 5); at -16.99; drawn by gain -28.35; held back by travel +10.20; next best search -10.69; H 0.81; peak traceability 5.2"
F2 chasing-the-smear,12,11,belief,A_uniform,search,2,5,9,2,6.1818,0.043319,0.8125,"search; -> (2, 5); at -17.66; drawn by gain -28.45; held back by travel +9.60; next best search -11.31; H 0.81; peak traceability 5.0"
F2 chasing-the-smear,12,12,belief,A_uniform,search,2,5,10,2,6.089,0.04278,0.8129,"search; -> (2, 5); at -18.24; drawn by gain -28.45; held back by travel +9.00; next best search -11.86; H 0.81; peak traceability 4.9"
F2 chasing-the-smear,12,13,belief,A_uniform,search,2,5,11,2,6.001,0.042238,0.8134,"search; -> (2, 5); at -18.80; drawn by gain -28.43; held back by travel +8.40; next best search -12.41; H 0.81; peak traceability 4.9"
F2 chasing-the-smear,12,14,belief,A_uniform,search,2,5,12,2,5.9172,0.041776,0.8133,"search; -> (2, 5); at -19.38; drawn by gain -28.44; held back by travel +7.80; next best search -12.99; H 0.81; peak traceability 4.8"
F2 chasing-the-smear,12,15,belief,A_uniform,search,2,5,12,3,5.8376,0.041775,0.8098,"search; -> (2, 5); at -20.15; drawn by gain -28.64; held back by travel +7.20; next best search -13.85; H 0.81; peak traceability 4.6"
F2 chasing-the-smear,12,16,belief,A_uniform,search,2,5,12,4,5.7619,0.042639,0.7982,"search; -> (2, 5); at -21.36; drawn by gain -29.32; held back by travel +6.60; next best search -15.21; H 0.80; peak traceability 4.4"
F2 chasing-the-smear,12,17,belief,A_uniform,search,2,5,12,5,5.6899,0.042633,0.7935,"search; -> (2, 5); at -22.13; drawn by gain -29.53; held back by travel +6.00; next best search -16.04; H 0.79; peak traceability 4.3"
F2 chasing-the-smear,12,18,belief,A_uniform,search,2,5,12,4,5.6213,0.043348,0.7936,"search; -> (2, 5); at -22.53; drawn by gain -29.33; held back by travel +5.40; next best search -16.66; H 0.79; peak traceability 4.3"
F2 chasing-the-smear,12,19,belief,A_uniform,search,2,4,12,5,5.4554,0.045356,0.7935,"search; -> (2, 4); at -17.81; drawn by gain -28.58; held back by travel +5.40; next best search -17.24; H 0.79; peak traceability 4.4"
F2 chasing-the-smear,12,20,belief,A_uniform,search,5,4,12,6,2.4602,0.046867,0.7977,"search; -> (5, 4); at -16.87; drawn by gain -28.36; held back by travel +4.20; next best search -16.79; H 0.80; peak traceability 4.4"
F2 chasing-the-smear,12,21,belief,A_uniform,search,5,4,12,7,2.4718,0.0489,0.8004,"search; -> (5, 4); at -20.80; drawn by gain -27.96; held back by travel +3.60; next best search -14.39; H 0.80; peak traceability 4.3"
F2 chasing-the-smear,12,22,belief,A_uniform,search,5,4,12,8,2.4828,0.049408,0.8159,"search; -> (5, 4); at -19.94; drawn by gain -26.47; held back by illegibility +3.53; next best search -14.07; H 0.82; peak traceability 6.1"
F2 chasing-the-smear,12,23,belief,A_uniform,search,5,4,12,9,2.493,0.049174,0.8603,"search; -> (5, 4); at -15.92; drawn by gain -21.30; held back by illegibility +2.98; next best search -5.06; H 0.86; peak traceability 7.1"
F2 chasing-the-smear,12,26,belief,A_uniform,search,7,5,12,12,0.819,0.021769,0.8802,"search; -> (7, 5); at -4.90; drawn by gain -12.22; held back by illegibility +3.72; next best hold_position +0.95; H 0.88; peak traceability 1.6"
F2 chasing-the-smear,12,27,belief,A_uniform,search,7,5,12,13,0.8292,0.023568,0.88,"search; -> (7, 5); at -4.12; drawn by gain -10.69; held back by illegibility +3.58; next best hold_position +0.29; H 0.88; peak traceability 1.7"
F2 chasing-the-smear,15,6,belief,A_uniform,search,4,16,6,15,3.5515,0.066283,0.8345,"search; -> (4, 16); at -4.77; drawn by gain -22.81; held back by travel +16.20; next best search -1.51; H 0.83; peak traceability 8.3"
F2 chasing-the-smear,15,7,belief,A_uniform,search,4,16,6,16,3.5723,0.065877,0.8349,"search; -> (4, 16); at -5.33; drawn by gain -22.76; held back by travel +15.60; next best search -2.12; H 0.83; peak traceability 8.1"
F2 chasing-the-smear,15,8,belief,A_uniform,search,4,16,7,16,3.593,0.065338,0.8353,"search; -> (4, 16); at -5.89; drawn by gain -22.72; held back by travel +15.00; next best search -2.72; H 0.84; peak traceability 8.0"
F2 chasing-the-smear,15,9,belief,A_uniform,search,4,16,8,16,3.6136,0.064732,0.8357,"search; -> (4, 16); at -6.45; drawn by gain -22.67; held back by travel +14.40; next best search -3.32; H 0.84; peak traceability 7.9"
F2 chasing-the-smear,15,10,belief,A_uniform,search,4,16,9,16,3.634,0.064095,0.836,"search; -> (4, 16); at -7.01; drawn by gain -22.63; held back by travel +13.80; next best search -3.91; H 0.84; peak traceability 7.7"
F2 chasing-the-smear,15,11,belief,A_uniform,search,4,16,9,17,3.6538,0.063444,0.8363,"search; -> (4, 16); at -7.56; drawn by gain -22.58; held back by travel +13.20; next best search -4.50; H 0.84; peak traceability 7.6"
F2 chasing-the-smear,15,12,belief,A_uniform,search,4,16,9,18,3.6727,0.062849,0.8366,"search; -> (4, 16); at -8.13; drawn by gain -22.54; held back by travel +12.60; next best search -5.09; H 0.84; peak traceability 7.5"
F2 chasing-the-smear,15,13,belief,A_uniform,search,4,16,9,19,3.6904,0.062294,0.8368,"search; -> (4, 16); at -8.71; drawn by gain -22.52; held back by travel +12.00; next best search -5.70; H 0.84; peak traceability 7.3"
F2 chasing-the-smear,15,14,belief,A_uniform,search,4,16,9,20,3.7068,0.061728,0.8371,"search; -> (4, 16); at -9.28; drawn by gain -22.48; held back by travel +11.40; next best search -6.28; H 0.84; peak traceability 7.2"
F2 chasing-the-smear,15,15,belief,A_uniform,search,4,16,10,20,3.7217,0.061228,0.8371,"search; -> (4, 16); at -9.86; drawn by gain -22.47; held back by travel +10.80; next best search -6.88; H 0.84; peak traceability 7.1"
F2 chasing-the-smear,15,16,belief,A_uniform,search,4,16,11,20,3.735,0.060774,0.837,"search; -> (4, 16); at -10.45; drawn by gain -22.46; held back by travel +10.20; next best search -7.49; H 0.84; peak traceability 7.0"
F2 chasing-the-smear,16,10,belief,A_uniform,search,3,21,5,15,7.8113,0.059972,0.774,"search; -> (3, 21); at -12.25; drawn by gain -28.88; held back by travel +15.60; next best search -0.94; H 0.77; peak traceability 5.8"
F2 chasing-the-smear,16,11,belief,A_uniform,search,3,21,6,15,7.6691,0.059544,0.7703,"search; -> (3, 21); at -13.11; drawn by gain -29.18; held back by travel +15.00; next best search -2.02; H 0.77; peak traceability 5.6"
F2 chasing-the-smear,16,12,belief,A_uniform,search,3,21,6,16,7.536,0.059,0.7672,"search; -> (3, 21); at -13.90; drawn by gain -29.41; held back by travel +14.40; next best search -3.03; H 0.77; peak traceability 5.4"
F2 chasing-the-smear,16,13,belief,A_uniform,search,3,21,7,16,7.4111,0.058237,0.7663,"search; -> (3, 21); at -14.57; drawn by gain -29.51; held back by travel +13.80; next best search -3.97; H 0.77; peak traceability 5.3"
F2 chasing-the-smear,16,14,belief,A_uniform,search,3,21,8,16,7.2933,0.05743,0.7663,"search; -> (3, 21); at -15.21; drawn by gain -29.56; held back by travel +13.20; next best search -4.87; H 0.77; peak traceability 5.2"
F2 chasing-the-smear,16,15,belief,A_uniform,search,3,21,9,16,7.182,0.056705,0.7662,"search; -> (3, 21); at -15.85; drawn by gain -29.63; held back by travel +12.60; next best search -5.75; H 0.77; peak traceability 5.1"
F2 chasing-the-smear,16,20,belief,A_uniform,search,10,15,8,14,50.1103,0.156248,0.589,"search; -> (10, 15); at -20.44; drawn by gain -28.64; held back by redundancy +6.40; next best search -20.03; H 0.59; peak traceability 142526.9"
F2 chasing-the-smear,16,28,belief,A_uniform,search,8,16,5,9,0.0,0.069056,0.8056,"search; -> (8, 16); at -10.61; drawn by gain -14.06; held back by travel +3.00; next best search -8.28; H 0.81; peak traceability 13.2"
F2 chasing-the-smear,16,29,belief,A_uniform,search,8,16,4,9,0.0,0.065303,0.798,"search; -> (8, 16); at -9.58; drawn by gain -12.42; held back by travel +2.40; next best search -4.14; H 0.80; peak traceability 13.7"
F2 chasing-the-smear,16,30,belief,A_uniform,search,8,16,4,10,0.0,0.052534,0.7969,"search; -> (8, 16); at -7.78; drawn by gain -10.04; held back by travel +1.80; next best search -3.05; H 0.80; peak traceability 13.0"
F2 chasing-the-smear,16,31,belief,A_uniform,search,3,21,4,9,0.0,0.040951,0.8069,"search; -> (3, 21); at -11.12; drawn by gain -25.46; held back by travel +8.40; next best hold_position -0.69; H 0.81; peak traceability 3.1"
F2 chasing-the-smear,16,32,belief,A_uniform,search,3,21,4,8,0.0,0.042877,0.7975,"search; -> (3, 21); at -17.01; drawn by gain -26.75; held back by travel +7.80; next best search -10.99; H 0.80; peak traceability 3.1"
F2 chasing-the-smear,16,33,belief,A_uniform,search,3,21,3,8,0.0,0.044688,0.7883,"search; -> (3, 21); at -18.85; drawn by gain -28.01; held back by travel +7.20; next best search -12.72; H 0.79; peak traceability 3.1"
F2 chasing-the-smear,16,34,belief,A_uniform,search,3,21,4,8,0.0,0.045822,0.7805,"search; -> (3, 21); at -20.27; drawn by gain -28.88; held back by travel +6.60; next best search -13.37; H 0.78; peak traceability 3.0"
F2 chasing-the-smear,16,35,belief,A_uniform,search,3,21,4,7,0.0,0.048053,0.7633,"search; -> (3, 21); at -22.39; drawn by gain -30.50; held back by travel +6.00; next best search -14.48; H 0.76; peak traceability 2.8"
F2 chasing-the-smear,16,36,belief,A_uniform,search,3,21,4,8,0.0,0.048485,0.7564,"search; -> (3, 21); at -23.17; drawn by gain -30.71; held back by travel +5.40; next best search -7.77; H 0.76; peak traceability 2.8"
F2 chasing-the-smear,16,37,belief,A_uniform,search,3,21,4,7,0.0,0.053953,0.7619,"search; -> (3, 21); at -22.78; drawn by gain -29.62; held back by travel +4.80; next best hold_position -0.95; H 0.76; peak traceability 2.9"
F2 chasing-the-smear,16,38,belief,A_uniform,search,2,21,4,6,0.0,0.065827,0.7935,"search; -> (2, 21); at -13.95; drawn by gain -24.31; held back by travel +4.80; next best hold_position -4.38; H 0.79; peak traceability 3.8"
F2 chasing-the-smear,16,39,belief,A_uniform,search,2,22,3,6,0.0,0.069856,0.8319,"search; -> (2, 22); at -6.47; drawn by gain -16.38; held back by travel +4.80; next best hold_position -4.86; H 0.83; peak traceability 5.4"
F2 chasing-the-smear,16,42,belief,A_uniform,search,6,9,4,6,4.7335,0.024188,0.8764,"search; -> (6, 9); at -1.55; drawn by gain -13.61; held back by travel +12.00; next best hold_position +0.56; H 0.88; peak traceability 111.7"
F2 chasing-the-smear,17,6,belief,A_uniform,search,7,2,4,4,7.7827,0.051727,0.8234,"search; -> (7, 2); at -7.75; drawn by gain -27.23; held back by travel +18.60; next best search -1.01; H 0.82; peak traceability 6.9"
F2 chasing-the-smear,17,8,belief,A_uniform,search,7,2,3,5,7.4256,0.050649,0.8181,"search; -> (7, 2); at -9.23; drawn by gain -27.58; held back by travel +17.40; next best search -2.46; H 0.82; peak traceability 6.3"
F2 chasing-the-smear,17,10,belief,A_uniform,search,7,2,4,6,7.126,0.049574,0.8122,"search; -> (7, 2); at -10.64; drawn by gain -27.87; held back by travel +16.20; next best search -3.85; H 0.81; peak traceability 5.8"
F2 chasing-the-smear,17,11,belief,A_uniform,search,7,2,4,7,6.9904,0.048892,0.8116,"search; -> (7, 2); at -11.24; drawn by gain -27.90; held back by travel +15.60; next best search -4.47; H 0.81; peak traceability 5.7"
F2 chasing-the-smear,17,12,belief,A_uniform,search,7,2,4,8,6.8624,0.048888,0.8043,"search; -> (7, 2); at -12.18; drawn by gain -28.31; held back by travel +15.00; next best search -5.33; H 0.80; peak traceability 5.3"
F2 chasing-the-smear,17,13,belief,A_uniform,search,7,2,5,8,6.7409,0.04824,0.8033,"search; -> (7, 2); at -12.77; drawn by gain -28.32; held back by travel +14.40; next best search -5.93; H 0.80; peak traceability 5.2"
F2 chasing-the-smear,17,14,belief,A_uniform,search,7,2,6,8,6.6253,0.048674,0.793,"search; -> (7, 2); at -13.91; drawn by gain -28.96; held back by travel +13.80; next best search -6.92; H 0.79; peak traceability 4.8"
F2 chasing-the-smear,17,15,belief,A_uniform,search,7,2,7,8,6.5151,0.04847,0.7874,"search; -> (7, 2); at -14.70; drawn by gain -29.21; held back by travel +13.20; next best search -7.66; H 0.79; peak traceability 4.6"
F2 chasing-the-smear,17,16,belief,A_uniform,search,7,2,8,8,6.41,0.048133,0.7836,"search; -> (7, 2); at -15.41; drawn by gain -29.37; held back by travel +12.60; next best search -8.34; H 0.78; peak traceability 4.4"
F2 chasing-the-smear,17,17,belief,A_uniform,search,7,2,9,8,6.3096,0.04767,0.7818,"search; -> (7, 2); at -16.03; drawn by gain -29.44; held back by travel +12.00; next best search -8.96; H 0.78; peak traceability 4.3"
F2 chasing-the-smear,17,18,belief,A_uniform,search,7,2,9,9,3.3328,0.045866,0.7911,"search; -> (7, 2); at -15.77; drawn by gain -28.65; held back by travel +11.40; next best search -8.79; H 0.79; peak traceability 4.1"
F2 chasing-the-smear,17,19,belief,A_uniform,search,7,2,9,10,0.1738,0.043147,0.8008,"search; -> (7, 2); at -14.86; drawn by gain -27.24; held back by travel +10.80; next best search -8.00; H 0.80; peak traceability 3.8"
F2 chasing-the-smear,17,20,belief,A_uniform,search,5,4,10,10,0.0025,0.046222,0.7996,"search; -> (5, 4); at -6.75; drawn by gain -22.28; held back by travel +7.80; next best hold_position -4.20; H 0.80; peak traceability 6995.5"
F2 chasing-the-smear,17,40,belief,A_uniform,search,6,17,11,21,0.0545,0.081489,0.7498,"search; -> (6, 17); at -15.24; drawn by gain -18.24; held back by travel +3.00; next best search -12.96; H 0.75; peak traceability 1227.4"
F2 chasing-the-smear,17,41,belief,A_uniform,search,6,17,11,22,0.0847,0.082629,0.7556,"search; -> (6, 17); at -16.47; drawn by gain -18.88; held back by travel +2.40; next best search -10.84; H 0.76; peak traceability 1317.1"
F2 chasing-the-smear,17,42,belief,A_uniform,search,6,18,10,22,0.0287,0.079474,0.7968,"search; -> (6, 18); at -8.72; drawn by gain -15.12; held back by dither +4.00; next best search -6.51; H 0.80; peak traceability 834.2"
F2 chasing-the-smear,17,43,belief,A_uniform,search,6,18,9,22,0.0441,0.067436,0.8099,"search; -> (6, 18); at -10.76; drawn by gain -12.57; held back by travel +1.80; next best search -5.45; H 0.81; peak traceability 789.8"
F2 chasing-the-smear,19,8,belief,A_uniform,search,2,8,10,8,4.8358,0.180033,0.5246,"search; -> (2, 8); at -36.39; drawn by gain -38.32; held back by travel +1.80; next best hold_position -12.04; H 0.52; peak traceability 43.4"
F2 chasing-the-smear,19,25,belief,A_uniform,search,8,16,5,14,0.2764,0.115958,0.8265,"search; -> (8, 16); at -14.38; drawn by gain -16.51; held back by travel +1.80; next best search -9.34; H 0.83; peak traceability 18.5"
F2 chasing-the-smear,20,20,belief,A_uniform,search,6,10,2,11,9.347,0.172537,0.4586,"search; -> (6, 10); at -37.19; drawn by gain -39.72; held back by travel +2.40; next best search -14.31; H 0.46; peak traceability 43.7"
F2 chasing-the-smear,21,4,belief,A_uniform,search,6,13,7,16,9.4737,0.06356,0.8949,"search; -> (6, 13); at -10.19; drawn by gain -14.85; held back by travel +4.20; next best search -4.33; H 0.89; peak traceability 13.1"
F2 chasing-the-smear,21,5,belief,A_uniform,search,6,14,8,16,8.0676,0.047208,0.936,"search; -> (6, 14); at -2.48; drawn by gain -9.95; held back by dither +4.00; next best hold_position -1.46; H 0.94; peak traceability 12.9"
F2 chasing-the-smear,21,6,belief,A_uniform,search,6,15,9,16,5.6834,0.034916,0.9499,"search; -> (6, 15); at -1.42; drawn by gain -7.90; held back by dither +4.00; next best hold_position -0.15; H 0.95; peak traceability 8.9"
F2 chasing-the-smear,21,42,belief,A_uniform,search,10,6,9,2,10.5576,0.31089,0.3628,"search; -> (10, 6); at -37.98; drawn by gain -39.80; held back by travel +1.80; next best hold_position -26.22; H 0.36; peak traceability 262.3"
F2 chasing-the-smear,21,49,belief,A_uniform,search,8,2,4,4,0.4817,0.151171,0.5053,"search; -> (8, 2); at -36.15; drawn by gain -39.53; held back by travel +3.00; next best search -7.31; H 0.51; peak traceability 15.9"
F2 chasing-the-smear,21,51,belief,A_uniform,search,8,2,4,6,0.6299,0.141134,0.5196,"search; -> (8, 2); at -37.23; drawn by gain -39.37; held back by travel +1.80; next best search -13.64; H 0.52; peak traceability 17.6"
F2 chasing-the-smear,21,52,belief,A_uniform,search,8,4,4,7,0.049,0.131725,0.582,"search; -> (8, 4); at -31.11; drawn by gain -37.95; held back by dither +4.00; next best hold_position -17.58; H 0.58; peak traceability 13.6"
F2 chasing-the-smear,21,53,belief,A_uniform,search,8,4,4,8,0.0611,0.213665,0.582,"search; -> (8, 4); at -33.22; drawn by gain -35.24; held back by travel +1.80; next best search -17.71; H 0.58; peak traceability 27.3"
F2 chasing-the-smear,21,57,belief,A_uniform,search,9,13,5,9,0.0,0.020535,0.8621,"search; -> (9, 13); at +0.76; drawn by gain -14.92; held back by travel +12.00; next best hold_position +1.06; H 0.86; peak traceability 1.6"
F2 chasing-the-smear,21,58,belief,A_uniform,search,9,13,4,9,0.0,0.020538,0.8603,"search; -> (9, 13); at +0.10; drawn by gain -15.00; held back by travel +11.40; next best hold_position +1.23; H 0.86; peak traceability 1.6"
F2 chasing-the-smear,21,59,belief,A_uniform,search,9,13,3,9,0.0,0.020418,0.8607,"search; -> (9, 13); at -0.47; drawn by gain -14.99; held back by travel +10.80; next best hold_position +1.43; H 0.86; peak traceability 1.6"
F2 chasing-the-smear,21,60,belief,A_uniform,search,9,13,2,9,0.0,0.020908,0.8589,"search; -> (9, 13); at -1.46; drawn by gain -15.42; held back by travel +10.20; next best hold_position +0.93; H 0.86; peak traceability 1.6"
F2 chasing-the-smear,21,61,belief,A_uniform,search,9,13,3,9,0.0,0.023915,0.8446,"search; -> (9, 13); at -4.21; drawn by gain -17.72; held back by travel +9.60; next best hold_position +0.08; H 0.84; peak traceability 1.5"
F2 chasing-the-smear,21,62,belief,A_uniform,search,9,13,4,9,0.0,0.025503,0.8286,"search; -> (9, 13); at -5.97; drawn by gain -18.99; held back by travel +9.00; next best hold_position +0.76; H 0.83; peak traceability 1.5"
F2 chasing-the-smear,23,5,belief,A_uniform,search,4,7,5,4,1.9766,0.233402,0.6773,"search; -> (4, 7); at -24.33; drawn by gain -30.79; held back by travel +4.80; next best search -15.25; H 0.68; peak traceability 71.7"
F2 chasing-the-smear,23,6,belief,A_uniform,search,4,7,6,4,2.262,0.166941,0.7169,"search; -> (4, 7); at -25.65; drawn by gain -31.26; held back by travel +4.20; next best search -15.52; H 0.72; peak traceability 47.6"
F2 chasing-the-smear,24,29,belief,A_uniform,search,8,16,11,20,0.0152,0.251516,0.599,"search; -> (8, 16); at -28.75; drawn by gain -30.70; held back by travel +1.80; next best search -23.49; H 0.60; peak traceability 39.9"
F2 chasing-the-smear,24,31,belief,A_uniform,search,6,15,12,19,0.0001,0.038252,0.8772,"search; -> (6, 15); at -8.96; drawn by gain -13.34; held back by travel +3.00; next best search -8.20; H 0.88; peak traceability 4.3"
F2 chasing-the-smear,24,32,belief,A_uniform,search,6,17,12,18,0.0003,0.032997,0.8756,"search; -> (6, 17); at -3.75; drawn by gain -11.29; held back by dither +4.00; next best search -1.50; H 0.88; peak traceability 3.5"
F2 chasing-the-smear,24,34,belief,A_uniform,search,6,18,12,16,0.0002,0.023647,0.8768,"search; -> (6, 18); at -3.00; drawn by gain -7.42; held back by travel +2.40; next best search -0.54; H 0.88; peak traceability 2.2"
F2 chasing-the-smear,24,35,belief,A_uniform,search,6,18,12,15,0.0003,0.023152,0.8761,"search; -> (6, 18); at -2.12; drawn by gain -6.12; held back by illegibility +2.20; next best hold_position +0.24; H 0.88; peak traceability 2.2"
F2 chasing-the-smear,25,6,belief,A_uniform,search,2,10,10,10,6.549,0.043238,0.8344,"search; -> (2, 10); at -17.54; drawn by gain -28.18; held back by travel +9.60; next best search -8.13; H 0.83; peak traceability 5.8"
F2 chasing-the-smear,28,7,belief,A_uniform,search,2,14,3,10,11.2873,0.073275,0.823,"search; -> (2, 14); at -11.27; drawn by gain -20.86; held back by travel +9.00; next best hold_position +1.00; H 0.82; peak traceability 10.1"
F2 chasing-the-smear,28,9,belief,A_uniform,search,2,14,3,10,10.9156,0.074586,0.8018,"search; -> (2, 14); at -13.58; drawn by gain -22.02; held back by travel +7.80; next best hold_position +1.02; H 0.80; peak traceability 9.2"
F2 chasing-the-smear,28,10,belief,A_uniform,search,2,14,3,9,10.7502,0.075611,0.7911,"search; -> (2, 14); at -14.78; drawn by gain -22.65; held back by travel +7.20; next best hold_position +0.81; H 0.79; peak traceability 8.9"
F2 chasing-the-smear,29,6,belief,A_uniform,search,9,17,10,20,7.6542,0.057196,0.8078,"search; -> (9, 17); at -15.14; drawn by gain -26.32; held back by travel +10.20; next best search -6.71; H 0.81; peak traceability 6.1"
F2 chasing-the-smear,29,7,belief,A_uniform,search,9,17,11,20,7.5082,0.058113,0.7965,"search; -> (9, 17); at -16.21; drawn by gain -26.87; held back by travel +9.60; next best search -7.30; H 0.80; peak traceability 5.7"
F2 chasing-the-smear,29,8,belief,A_uniform,search,9,17,12,20,7.3764,0.057896,0.7938,"search; -> (9, 17); at -16.82; drawn by gain -26.91; held back by travel +9.00; next best search -7.72; H 0.79; peak traceability 5.5"
F2 chasing-the-smear,29,9,belief,A_uniform,search,9,17,11,20,7.254,0.057552,0.7931,"search; -> (9, 17); at -17.38; drawn by gain -26.91; held back by travel +8.40; next best search -8.09; H 0.79; peak traceability 5.3"
F2 chasing-the-smear,29,10,belief,A_uniform,search,9,17,12,20,7.1385,0.05761,0.7903,"search; -> (9, 17); at -18.14; drawn by gain -27.10; held back by travel +7.80; next best search -8.30; H 0.79; peak traceability 5.2"
F2 chasing-the-smear,29,11,belief,A_uniform,search,9,17,12,19,7.0281,0.05778,0.7872,"search; -> (9, 17); at -18.90; drawn by gain -27.29; held back by travel +7.20; next best search -8.56; H 0.79; peak traceability 5.1"
F2 chasing-the-smear,29,12,belief,A_uniform,search,9,17,12,18,6.922,0.057792,0.7859,"search; -> (9, 17); at -19.36; drawn by gain -27.16; held back by travel +6.60; next best search -9.03; H 0.79; peak traceability 5.0"
F2 chasing-the-smear,29,13,belief,A_uniform,search,9,17,12,19,6.8193,0.057998,0.7861,"search; -> (9, 17); at -19.62; drawn by gain -26.83; held back by travel +6.00; next best search -8.33; H 0.79; peak traceability 5.0"
F2 chasing-the-smear,29,14,belief,A_uniform,search,9,17,12,18,6.7196,0.059311,0.7894,"search; -> (9, 17); at -19.61; drawn by gain -26.21; held back by travel +5.40; next best search -8.35; H 0.79; peak traceability 5.0"
F2 chasing-the-smear,29,15,belief,A_uniform,search,9,18,12,17,6.3147,0.057309,0.7957,"search; -> (9, 18); at -13.33; drawn by gain -23.95; held back by travel +5.40; next best search -7.89; H 0.80; peak traceability 4.9"
F2 chasing-the-smear,29,16,belief,A_uniform,search,9,18,12,16,6.229,0.052205,0.8011,"search; -> (9, 18); at -17.10; drawn by gain -23.10; held back by travel +4.80; next best search -7.44; H 0.80; peak traceability 5.0"
F2 chasing-the-smear,29,17,belief,A_uniform,search,8,17,12,15,6.3927,0.04777,0.8123,"search; -> (8, 17); at -13.90; drawn by gain -23.20; held back by travel +4.20; next best search -6.63; H 0.81; peak traceability 5.5"
F2 chasing-the-smear,29,18,belief,A_uniform,search,8,16,12,14,5.8483,0.04758,0.8257,"search; -> (8, 16); at -13.93; drawn by gain -22.03; held back by dither +4.00; next best search -5.24; H 0.83; peak traceability 5.4"
F2 chasing-the-smear,29,19,belief,A_uniform,search,8,16,12,13,5.7499,0.047262,0.8424,"search; -> (8, 16); at -15.05; drawn by gain -18.45; held back by travel +2.40; next best search -4.98; H 0.84; peak traceability 6.0"
F2 chasing-the-smear,29,20,belief,A_uniform,search,6,16,12,12,3.077,0.041413,0.851,"search; -> (6, 16); at -7.41; drawn by gain -16.06; held back by dither +4.00; next best search -4.83; H 0.85; peak traceability 3.6"
F2 chasing-the-smear,29,21,belief,A_uniform,search,6,17,12,11,2.4833,0.026249,0.864,"search; -> (6, 17); at -3.61; drawn by gain -12.45; held back by dither +4.00; next best hold_position -1.18; H 0.86; peak traceability 2.7"
F2 chasing-the-smear,29,22,belief,A_uniform,search,6,17,12,10,2.4661,0.028273,0.8626,"search; -> (6, 17); at -8.32; drawn by gain -12.51; held back by travel +2.40; next best search -2.00; H 0.86; peak traceability 2.9"
F2 chasing-the-smear,29,23,belief,A_uniform,search,6,18,12,9,1.9576,0.028307,0.862,"search; -> (6, 18); at -1.72; drawn by gain -10.16; held back by dither +4.00; next best hold_position -0.51; H 0.86; peak traceability 2.5"
F2 chasing-the-smear,29,24,belief,A_uniform,search,6,18,12,8,1.9585,0.02958,0.8648,"search; -> (6, 18); at -4.69; drawn by gain -8.53; held back by illegibility +2.04; next best hold_position -0.23; H 0.86; peak traceability 2.6"
F2 chasing-the-smear,29,26,belief,A_uniform,search,12,19,12,6,0.7763,0.029649,0.8554,"search; -> (12, 19); at -0.45; drawn by gain -11.13; held back by travel +6.60; next best search -0.25; H 0.86; peak traceability 2.2"
F2 chasing-the-smear,29,27,belief,A_uniform,search,12,19,11,6,0.7946,0.028724,0.8551,"search; -> (12, 19); at -1.05; drawn by gain -11.08; held back by travel +6.00; next best hold_position +1.33; H 0.86; peak traceability 2.2"
F2 chasing-the-smear,29,28,belief,A_uniform,search,12,19,12,6,0.813,0.026934,0.8512,"search; -> (12, 19); at -1.07; drawn by gain -10.41; held back by travel +5.40; next best hold_position +1.02; H 0.85; peak traceability 2.2"
F2 chasing-the-smear,29,29,belief,A_uniform,search,12,19,11,6,0.8314,0.025815,0.8513,"search; -> (12, 19); at -1.25; drawn by gain -9.95; held back by travel +4.80; next best hold_position +1.38; H 0.85; peak traceability 2.2"
F2 chasing-the-smear,29,30,belief,A_uniform,search,12,19,10,6,0.8498,0.024547,0.8513,"search; -> (12, 19); at -1.49; drawn by gain -9.55; held back by travel +4.20; next best hold_position +1.32; H 0.85; peak traceability 2.1"
F2 chasing-the-smear,29,31,belief,A_uniform,search,12,19,10,5,0.8681,0.024057,0.8515,"search; -> (12, 19); at -1.41; drawn by gain -8.81; held back by illegibility +3.80; next best hold_position +1.13; H 0.85; peak traceability 2.2"
F2 chasing-the-smear,29,32,belief,A_uniform,search,12,19,10,4,0.8864,0.020817,0.8508,"search; -> (12, 19); at -0.07; drawn by gain -6.74; held back by illegibility +3.67; next best hold_position +1.01; H 0.85; peak traceability 1.9"
F2 chasing-the-smear,30,9,belief,A_uniform,search,5,4,10,3,5.2527,0.054687,0.8238,"search; -> (5, 4); at -14.40; drawn by gain -26.56; held back by travel +10.80; next best search -7.66; H 0.82; peak traceability 6.2"
F2 chasing-the-smear,30,10,belief,A_uniform,search,5,4,10,4,5.0727,0.054434,0.8213,"search; -> (5, 4); at -15.14; drawn by gain -26.77; held back by travel +10.20; next best search -8.33; H 0.82; peak traceability 6.1"
F2 chasing-the-smear,30,11,belief,A_uniform,search,5,4,10,3,4.9125,0.054037,0.8202,"search; -> (5, 4); at -15.81; drawn by gain -26.91; held back by travel +9.60; next best search -8.95; H 0.82; peak traceability 5.9"
F2 chasing-the-smear,30,16,belief,A_uniform,search,5,4,6,2,4.3361,0.053034,0.8094,"search; -> (5, 4); at -19.59; drawn by gain -28.01; held back by travel +6.60; next best search -12.44; H 0.81; peak traceability 5.2"
F2 chasing-the-smear,31,5,belief,A_uniform,search,2,14,3,10,9.4241,0.058052,0.8164,"search; -> (2, 14); at -5.92; drawn by gain -22.83; held back by travel +16.20; next best hold_position +1.04; H 0.82; peak traceability 8.5"
F2 chasing-the-smear,31,6,belief,A_uniform,search,2,14,4,10,9.3405,0.057642,0.8159,"search; -> (2, 14); at -6.51; drawn by gain -22.83; held back by travel +15.60; next best hold_position +1.10; H 0.82; peak traceability 8.4"
F2 chasing-the-smear,31,7,belief,A_uniform,search,2,14,5,10,9.2795,0.058081,0.8103,"search; -> (2, 14); at -7.40; drawn by gain -23.13; held back by travel +15.00; next best hold_position +0.98; H 0.81; peak traceability 8.2"
F2 chasing-the-smear,31,8,belief,A_uniform,search,2,14,6,10,9.2314,0.058077,0.8079,"search; -> (2, 14); at -8.10; drawn by gain -23.24; held back by travel +14.40; next best hold_position +1.04; H 0.81; peak traceability 8.0"
F2 chasing-the-smear,31,9,belief,A_uniform,search,2,14,7,10,9.1903,0.058566,0.8018,"search; -> (2, 14); at -8.97; drawn by gain -23.54; held back by travel +13.80; next best hold_position +1.06; H 0.80; peak traceability 7.8"
F2 chasing-the-smear,31,10,belief,A_uniform,search,2,14,6,10,9.1528,0.058486,0.7991,"search; -> (2, 14); at -9.62; drawn by gain -23.60; held back by travel +13.20; next best hold_position +1.18; H 0.80; peak traceability 7.7"
F2 chasing-the-smear,31,11,belief,A_uniform,search,2,14,7,10,9.1166,0.058414,0.7976,"search; -> (2, 14); at -10.27; drawn by gain -23.66; held back by travel +12.60; next best hold_position +1.14; H 0.80; peak traceability 7.6"
F2 chasing-the-smear,31,12,belief,A_uniform,search,2,14,8,10,9.0806,0.059352,0.7881,"search; -> (2, 14); at -11.30; drawn by gain -24.12; held back by travel +12.00; next best hold_position +1.06; H 0.79; peak traceability 7.3"
F2 chasing-the-smear,31,13,belief,A_uniform,search,2,14,9,10,9.044,0.059243,0.7861,"search; -> (2, 14); at -11.93; drawn by gain -24.16; held back by travel +11.40; next best hold_position +1.25; H 0.79; peak traceability 7.2"
F2 chasing-the-smear,32,6,belief,A_uniform,search,11,2,12,9,8.0807,0.056944,0.8093,"search; -> (11, 2); at -17.69; drawn by gain -27.58; held back by travel +9.00; next best search -1.29; H 0.81; peak traceability 6.7"
F2 chasing-the-smear,32,7,belief,A_uniform,search,11,2,12,10,7.8837,0.05633,0.807,"search; -> (11, 2); at -18.47; drawn by gain -27.80; held back by travel +8.40; next best search -1.99; H 0.81; peak traceability 6.5"
F2 chasing-the-smear,32,8,belief,A_uniform,search,11,2,12,11,7.7026,0.055861,0.8032,"search; -> (11, 2); at -19.34; drawn by gain -28.11; held back by travel +7.80; next best search -2.73; H 0.80; peak traceability 6.2"
F2 chasing-the-smear,32,9,belief,A_uniform,search,11,2,12,12,7.5341,0.055634,0.7968,"search; -> (11, 2); at -20.31; drawn by gain -28.53; held back by travel +7.20; next best search -3.53; H 0.80; peak traceability 5.9"
F2 chasing-the-smear,32,10,belief,A_uniform,search,11,2,12,13,7.3759,0.055092,0.7922,"search; -> (11, 2); at -21.12; drawn by gain -28.79; held back by travel +6.60; next best search -4.25; H 0.79; peak traceability 5.6"
F2 chasing-the-smear,32,11,belief,A_uniform,search,11,2,12,14,7.2269,0.056086,0.7872,"search; -> (11, 2); at -21.50; drawn by gain -28.60; held back by travel +6.00; next best search -5.69; H 0.79; peak traceability 5.5"
F2 chasing-the-smear,32,12,belief,A_uniform,search,11,2,12,15,7.0858,0.058494,0.776,"search; -> (11, 2); at -22.59; drawn by gain -29.12; held back by travel +5.40; next best search -7.58; H 0.78; peak traceability 5.3"
F2 chasing-the-smear,32,13,belief,A_uniform,search,11,2,12,16,6.9521,0.058826,0.7699,"search; -> (11, 2); at -22.34; drawn by gain -28.21; held back by travel +4.80; next best search -9.78; H 0.77; peak traceability 5.6"
F2 chasing-the-smear,32,14,belief,A_uniform,search,11,2,12,17,6.8251,0.059928,0.7634,"search; -> (11, 2); at -22.40; drawn by gain -27.65; held back by travel +4.20; next best search -11.56; H 0.76; peak traceability 5.7"
F2 chasing-the-smear,32,15,belief,A_uniform,search,11,2,12,18,6.7043,0.05838,0.7632,"search; -> (11, 2); at -22.77; drawn by gain -27.42; held back by travel +3.60; next best search -12.29; H 0.76; peak traceability 5.7"
F2 chasing-the-smear,32,16,belief,A_uniform,search,11,3,12,19,6.0197,0.056615,0.766,"search; -> (11, 3); at -18.85; drawn by gain -27.65; held back by dither +4.00; next best search -12.71; H 0.77; peak traceability 5.0"
F2 chasing-the-smear,32,17,belief,A_uniform,search,11,3,12,20,5.9428,0.058083,0.7703,"search; -> (11, 3); at -22.81; drawn by gain -26.97; held back by travel +3.00; next best search -13.29; H 0.77; peak traceability 5.2"
F2 chasing-the-smear,32,18,belief,A_uniform,search,11,5,11,20,3.986,0.06421,0.8112,"search; -> (11, 5); at -11.60; drawn by gain -20.47; held back by dither +4.00; next best search -9.18; H 0.81; peak traceability 4.7"
F2 chasing-the-smear,32,19,belief,A_uniform,search,10,5,10,20,4.0486,0.05499,0.8453,"search; -> (10, 5); at -5.13; drawn by gain -12.50; held back by dither +4.00; next best search -3.45; H 0.85; peak traceability 6.2"
F2 chasing-the-smear,33,6,belief,A_uniform,search,2,18,4,15,8.2302,0.054966,0.8467,"search; -> (2, 18); at -4.30; drawn by gain -23.70; held back by travel +18.60; next best hold_position +1.11; H 0.85; peak traceability 7.5"
F2 chasing-the-smear,33,8,belief,A_uniform,search,2,18,6,15,7.7992,0.052826,0.849,"search; -> (2, 18); at -5.49; drawn by gain -23.73; held back by travel +17.40; next best search -0.07; H 0.85; peak traceability 7.1"
F2 chasing-the-smear,33,9,belief,A_uniform,search,2,18,6,16,7.596,0.051705,0.8499,"search; -> (2, 18); at -6.08; drawn by gain -23.75; held back by travel +16.80; next best search -0.82; H 0.85; peak traceability 6.9"
F2 chasing-the-smear,33,10,belief,A_uniform,search,2,18,6,17,7.403,0.050597,0.8506,"search; -> (2, 18); at -6.67; drawn by gain -23.76; held back by travel +16.20; next best search -1.55; H 0.85; peak traceability 6.7"
F2 chasing-the-smear,33,11,belief,A_uniform,search,2,18,6,16,7.2206,0.049518,0.8513,"search; -> (2, 18); at -7.25; drawn by gain -23.77; held back by travel +15.60; next best search -2.26; H 0.85; peak traceability 6.5"
F2 chasing-the-smear,33,12,belief,A_uniform,search,2,18,7,16,7.0486,0.048517,0.8517,"search; -> (2, 18); at -7.85; drawn by gain -23.80; held back by travel +15.00; next best search -2.97; H 0.85; peak traceability 6.3"
F2 chasing-the-smear,33,13,belief,A_uniform,search,2,18,8,16,6.8866,0.047583,0.8521,"search; -> (2, 18); at -8.45; drawn by gain -23.83; held back by travel +14.40; next best search -3.68; H 0.85; peak traceability 6.1"
F2 chasing-the-smear,33,14,belief,A_uniform,search,2,18,9,16,6.7343,0.046678,0.8524,"search; -> (2, 18); at -9.05; drawn by gain -23.85; held back by travel +13.80; next best search -4.38; H 0.85; peak traceability 6.0"
F2 chasing-the-smear,33,15,belief,A_uniform,search,2,18,10,16,6.591,0.045855,0.8525,"search; -> (2, 18); at -9.66; drawn by gain -23.88; held back by travel +13.20; next best search -5.07; H 0.85; peak traceability 5.8"
F2 chasing-the-smear,33,16,belief,A_uniform,search,2,18,10,15,6.4561,0.045096,0.8522,"search; -> (2, 18); at -10.27; drawn by gain -23.93; held back by travel +12.60; next best search -5.77; H 0.85; peak traceability 5.7"
F2 chasing-the-smear,33,17,belief,A_uniform,search,2,18,10,14,6.3292,0.044428,0.8514,"search; -> (2, 18); at -10.91; drawn by gain -23.99; held back by travel +12.00; next best search -6.48; H 0.85; peak traceability 5.5"
F2 chasing-the-smear,33,18,belief,A_uniform,search,2,18,9,14,6.2095,0.044069,0.8482,"search; -> (2, 18); at -11.69; drawn by gain -24.21; held back by travel +11.40; next best search -7.30; H 0.85; peak traceability 5.4"
F2 chasing-the-smear,33,19,belief,A_uniform,search,2,18,8,14,6.0967,0.043878,0.8432,"search; -> (2, 18); at -12.54; drawn by gain -24.50; held back by travel +10.80; next best search -8.18; H 0.84; peak traceability 5.2"
F2 chasing-the-smear,33,20,belief,A_uniform,search,2,18,8,13,5.9902,0.043331,0.8415,"search; -> (2, 18); at -13.19; drawn by gain -24.57; held back by travel +10.20; next best search -8.88; H 0.84; peak traceability 5.1"
F2 chasing-the-smear,33,21,belief,A_uniform,search,2,18,8,12,5.8897,0.04296,0.8394,"search; -> (2, 18); at -13.91; drawn by gain -24.73; held back by travel +9.60; next best search -9.65; H 0.84; peak traceability 4.9"
F2 chasing-the-smear,33,22,belief,A_uniform,search,2,18,8,11,5.7946,0.043333,0.8302,"search; -> (2, 18); at -15.02; drawn by gain -25.30; held back by travel +9.00; next best search -10.75; H 0.83; peak traceability 4.7"
F2 chasing-the-smear,33,23,belief,A_uniform,search,2,18,8,10,5.7047,0.042809,0.8288,"search; -> (2, 18); at -15.63; drawn by gain -25.34; held back by travel +8.40; next best search -11.41; H 0.83; peak traceability 4.6"
F2 chasing-the-smear,33,24,belief,A_uniform,search,2,18,9,10,5.6196,0.042267,0.8286,"search; -> (2, 18); at -16.22; drawn by gain -25.35; held back by travel +7.80; next best search -12.04; H 0.83; peak traceability 4.5"
F2 chasing-the-smear,33,25,belief,A_uniform,search,2,18,8,10,5.5389,0.041728,0.8288,"search; -> (2, 18); at -16.79; drawn by gain -25.34; held back by travel +7.20; next best search -12.66; H 0.83; peak traceability 4.4"
F2 chasing-the-smear,33,26,belief,A_uniform,search,2,18,7,10,5.4625,0.042308,0.8252,"search; -> (2, 18); at -17.81; drawn by gain -25.78; held back by travel +6.60; next best search -13.01; H 0.83; peak traceability 4.4"
F2 chasing-the-smear,33,27,belief,A_uniform,search,2,18,6,10,5.3899,0.042666,0.8206,"search; -> (2, 18); at -18.76; drawn by gain -26.15; held back by travel +6.00; next best search -13.75; H 0.82; peak traceability 4.3"
F2 chasing-the-smear,33,28,belief,A_uniform,search,2,18,5,10,5.3209,0.043151,0.8146,"search; -> (2, 18); at -19.84; drawn by gain -26.66; held back by travel +5.40; next best search -14.19; H 0.81; peak traceability 4.2"
F2 chasing-the-smear,33,29,belief,A_uniform,search,2,18,4,10,5.2554,0.044036,0.8024,"search; -> (2, 18); at -21.19; drawn by gain -27.47; held back by travel +4.80; next best search -14.86; H 0.80; peak traceability 4.1"
F2 chasing-the-smear,33,30,belief,A_uniform,search,2,18,4,9,5.1931,0.044336,0.7969,"search; -> (2, 18); at -21.90; drawn by gain -27.58; held back by travel +4.20; next best search -7.75; H 0.80; peak traceability 4.0"
F2 chasing-the-smear,33,31,belief,A_uniform,search,3,20,4,8,3.8486,0.038156,0.8164,"search; -> (3, 20); at -15.64; drawn by gain -25.63; held back by travel +4.20; next best search -6.26; H 0.82; peak traceability 3.3"
F2 chasing-the-smear,33,32,belief,A_uniform,search,1,18,4,7,5.195,0.044617,0.8442,"search; -> (1, 18); at -11.04; drawn by gain -19.66; held back by dither +4.00; next best hold_position -2.74; H 0.84; peak traceability 5.9"
F2 chasing-the-smear,33,34,belief,A_uniform,search,2,17,4,5,5.1105,0.032714,0.8743,"search; -> (2, 17); at -6.29; drawn by gain -8.79; held back by travel +1.80; next best hold_position -0.68; H 0.87; peak traceability 8.6"
F2 chasing-the-smear,34,13,belief,A_uniform,search,2,21,4,15,7.1666,0.057657,0.7818,"search; -> (2, 21); at -11.84; drawn by gain -27.98; held back by travel +15.00; next best search +1.14; H 0.78; peak traceability 5.3"
F2 chasing-the-smear,34,14,belief,A_uniform,search,2,21,5,15,7.0307,0.056792,0.7807,"search; -> (2, 21); at -12.53; drawn by gain -28.09; held back by travel +14.40; next best search -0.10; H 0.78; peak traceability 5.2"
F2 chasing-the-smear,34,15,belief,A_uniform,search,2,21,4,15,6.9034,0.055889,0.7806,"search; -> (2, 21); at -13.16; drawn by gain -28.15; held back by travel +13.80; next best search -1.29; H 0.78; peak traceability 5.0"
F2 chasing-the-smear,34,16,belief,A_uniform,search,2,21,5,15,6.784,0.055085,0.7803,"search; -> (2, 21); at -13.81; drawn by gain -28.23; held back by travel +13.20; next best search -2.44; H 0.78; peak traceability 4.9"
F2 chasing-the-smear,34,17,belief,A_uniform,search,2,21,6,15,6.6719,0.05436,0.7799,"search; -> (2, 21); at -14.48; drawn by gain -28.33; held back by travel +12.60; next best search -3.55; H 0.78; peak traceability 4.8"
F2 chasing-the-smear,34,18,belief,A_uniform,search,2,21,6,16,6.5666,0.053654,0.7797,"search; -> (2, 21); at -15.13; drawn by gain -28.40; held back by travel +12.00; next best search -4.62; H 0.78; peak traceability 4.7"
F2 chasing-the-smear,34,19,belief,A_uniform,search,2,21,6,17,6.4675,0.053085,0.7789,"search; -> (2, 21); at -15.82; drawn by gain -28.53; held back by travel +11.40; next best search -5.67; H 0.78; peak traceability 4.6"
F2 chasing-the-smear,35,12,belief,A_uniform,search,11,5,12,9,6.3445,0.047091,0.812,"search; -> (11, 5); at -9.08; drawn by gain -25.82; held back by travel +15.60; next best search -2.51; H 0.81; peak traceability 5.3"
F2 chasing-the-smear,35,14,belief,A_uniform,search,11,5,12,9,6.2016,0.047348,0.8023,"search; -> (11, 5); at -10.65; drawn by gain -26.28; held back by travel +14.40; next best search -4.18; H 0.80; peak traceability 4.9"
F2 chasing-the-smear,35,15,belief,A_uniform,search,11,5,12,10,6.1348,0.047115,0.8005,"search; -> (11, 5); at -11.25; drawn by gain -26.30; held back by travel +13.80; next best search -4.86; H 0.80; peak traceability 4.8"
F2 chasing-the-smear,35,16,belief,A_uniform,search,11,5,12,11,6.0708,0.046868,0.7994,"search; -> (11, 5); at -11.83; drawn by gain -26.30; held back by travel +13.20; next best search -5.52; H 0.80; peak traceability 4.7"
F2 chasing-the-smear,35,17,belief,A_uniform,search,11,5,12,12,6.0095,0.046718,0.7976,"search; -> (11, 5); at -12.45; drawn by gain -26.36; held back by travel +12.60; next best search -6.20; H 0.80; peak traceability 4.6"
F2 chasing-the-smear,35,18,belief,A_uniform,search,11,5,12,13,5.9509,0.046666,0.7948,"search; -> (11, 5); at -13.12; drawn by gain -26.46; held back by travel +12.00; next best search -6.91; H 0.79; peak traceability 4.5"
F2 chasing-the-smear,35,19,belief,A_uniform,search,11,5,12,14,5.8946,0.046505,0.793,"search; -> (11, 5); at -13.73; drawn by gain -26.49; held back by travel +11.40; next best search -7.58; H 0.79; peak traceability 4.4"
F2 chasing-the-smear,38,6,belief,A_uniform,search,12,7,10,6,5.0053,0.021961,0.9746,"search; -> (12, 7); at -0.30; drawn by gain -6.14; held back by travel +4.80; next best search +0.26; H 0.97; peak traceability 3.7"
F2 chasing-the-smear,38,8,belief,A_uniform,flank,12,14,10,6,7.1746,0.013198,0.9763,"flank; -> (12, 14); at +0.35; held back by illegibility +0.35; next best flank +0.94; H 0.98; peak traceability 2.9"
F2 chasing-the-smear,39,3,belief,A_uniform,search,6,14,8,16,9.7995,0.05935,0.8483,"search; -> (6, 14); at -15.80; drawn by gain -20.55; held back by travel +4.20; next best search -10.05; H 0.85; peak traceability 10.9"
F2 chasing-the-smear,39,4,belief,A_uniform,search,6,15,9,16,8.3243,0.059183,0.8682,"search; -> (6, 15); at -11.63; drawn by gain -19.20; held back by dither +4.00; next best search -8.41; H 0.87; peak traceability 10.5"
F2 chasing-the-smear,39,6,belief,A_uniform,search,6,16,9,18,5.7597,0.061048,0.9076,"search; -> (6, 16); at -11.67; drawn by gain -14.74; held back by travel +2.40; next best search -4.04; H 0.91; peak traceability 8.9"
F2 chasing-the-smear,39,14,belief,A_uniform,search,11,21,12,17,1.5891,0.038451,0.9057,"search; -> (11, 21); at -4.34; drawn by gain -9.74; held back by travel +4.20; next best search +0.08; H 0.91; peak traceability 5.0"
F2 chasing-the-smear,39,15,belief,A_uniform,search,11,21,12,16,1.6253,0.035424,0.9056,"search; -> (11, 21); at -4.23; drawn by gain -9.04; held back by travel +3.60; next best search +0.02; H 0.91; peak traceability 5.0"
F3 illegible-commit,3,35,belief,A_uniform,search,6,18,2,6,0.0001,0.043825,0.883,"search; -> (6, 18); at -5.72; drawn by gain -15.40; held back by travel +8.40; next best search -3.14; H 0.88; peak traceability 10603.4"
F3 illegible-commit,3,36,belief,A_uniform,search,6,18,2,5,0.0001,0.044927,0.874,"search; -> (6, 18); at -7.03; drawn by gain -15.79; held back by travel +7.80; next best search -0.38; H 0.87; peak traceability 9914.7"
F3 illegible-commit,3,37,belief,A_uniform,search,6,18,2,4,0.0001,0.045088,0.8727,"search; -> (6, 18); at -7.94; drawn by gain -15.78; held back by travel +7.20; next best search -1.27; H 0.87; peak traceability 10091.9"
F3 illegible-commit,3,38,belief,A_uniform,search,6,18,2,3,0.0001,0.045041,0.8737,"search; -> (6, 18); at -8.78; drawn by gain -15.70; held back by travel +6.60; next best search -2.11; H 0.87; peak traceability 10224.1"
F3 illegible-commit,3,39,belief,A_uniform,search,6,18,2,2,0.0001,0.044971,0.8748,"search; -> (6, 18); at -9.64; drawn by gain -15.64; held back by travel +6.00; next best search -2.95; H 0.87; peak traceability 10348.6"
F3 illegible-commit,3,40,belief,A_uniform,search,6,18,3,2,0.0001,0.044953,0.8751,"search; -> (6, 18); at -10.20; drawn by gain -15.60; held back by travel +5.40; next best search -3.50; H 0.88; peak traceability 10478.0"
F3 illegible-commit,3,41,belief,A_uniform,search,6,18,4,2,0.0001,0.045082,0.8738,"search; -> (6, 18); at -10.82; drawn by gain -15.63; held back by travel +4.80; next best search -4.11; H 0.87; peak traceability 10613.8"
F3 illegible-commit,3,42,belief,A_uniform,search,6,18,4,3,0.0001,0.045207,0.8723,"search; -> (6, 18); at -11.45; drawn by gain -15.65; held back by travel +4.20; next best search -4.72; H 0.87; peak traceability 10727.9"
F3 illegible-commit,3,43,belief,A_uniform,search,6,18,4,4,0.0002,0.047763,0.8734,"search; -> (6, 18); at -11.53; drawn by gain -15.13; held back by travel +3.60; next best search -5.10; H 0.87; peak traceability 11440.4"
F3 illegible-commit,3,44,belief,A_uniform,search,6,18,5,4,0.0002,0.049533,0.8731,"search; -> (6, 18); at -12.01; drawn by gain -15.01; held back by travel +3.00; next best search -5.68; H 0.87; peak traceability 11913.3"
F3 illegible-commit,3,45,belief,A_uniform,search,6,18,6,4,0.0003,0.052947,0.8748,"search; -> (6, 18); at -11.71; drawn by gain -14.11; held back by travel +2.40; next best search -5.43; H 0.87; peak traceability 12791.8"
F3 illegible-commit,3,46,belief,A_uniform,search,6,18,6,3,0.0003,0.058187,0.879,"search; -> (6, 18); at -11.13; drawn by gain -12.93; held back by travel +1.80; next best search -5.61; H 0.88; peak traceability 14214.8"
F3 illegible-commit,3,48,belief,A_uniform,search,3,18,6,1,0.0,0.014771,0.9196,"search; -> (3, 18); at -3.75; drawn by gain -7.95; held back by travel +4.20; next best flank +0.60; H 0.92; peak traceability 119454.7"
F3 illegible-commit,3,49,belief,A_uniform,search,3,18,6,2,0.0,0.014786,0.914,"search; -> (3, 18); at -4.12; drawn by gain -7.72; held back by travel +3.60; next best hold_position +1.38; H 0.91; peak traceability 118481.7"
F3 illegible-commit,5,20,belief,A_uniform,search,10,12,10,13,0.8545,0.107199,0.7719,"search; -> (10, 12); at -9.37; drawn by gain -14.48; held back by travel +4.80; next best hold_position -4.25; H 0.77; peak traceability 19.8"
F3 illegible-commit,5,21,belief,A_uniform,search,2,14,10,14,0.0013,0.066071,0.7945,"search; -> (2, 14); at -4.52; drawn by gain -16.01; held back by travel +6.60; next best hold_position -1.75; H 0.79; peak traceability 6.7"
F3 illegible-commit,5,22,belief,A_uniform,search,2,14,10,15,0.0014,0.0666,0.7927,"search; -> (2, 14); at -9.33; drawn by gain -16.19; held back by travel +6.00; next best hold_position +0.29; H 0.79; peak traceability 7.0"
F3 illegible-commit,5,23,belief,A_uniform,search,2,14,10,16,0.0014,0.066155,0.7957,"search; -> (2, 14); at -9.62; drawn by gain -15.87; held back by travel +5.40; next best hold_position +0.63; H 0.80; peak traceability 7.1"
F3 illegible-commit,5,24,belief,A_uniform,search,2,14,9,16,0.0014,0.066938,0.8012,"search; -> (2, 14); at -9.42; drawn by gain -15.04; held back by travel +4.80; next best hold_position +0.31; H 0.80; peak traceability 7.3"
F3 illegible-commit,5,25,belief,A_uniform,search,2,14,8,16,0.0015,0.067224,0.8187,"search; -> (2, 14); at -6.59; drawn by gain -11.53; held back by travel +4.20; next best hold_position -0.59; H 0.82; peak traceability 8.2"
F3 illegible-commit,5,29,belief,A_uniform,search,10,15,5,15,0.1427,0.024634,0.8708,"search; -> (10, 15); at -1.79; drawn by gain -13.15; held back by travel +8.40; next best hold_position +1.13; H 0.87; peak traceability 4.0"
F3 illegible-commit,5,30,belief,A_uniform,search,10,15,4,15,0.1812,0.024253,0.8711,"search; -> (10, 15); at -2.13; drawn by gain -12.90; held back by travel +7.80; next best hold_position +1.10; H 0.87; peak traceability 4.0"
F3 illegible-commit,5,31,belief,A_uniform,search,10,15,4,16,0.2236,0.024081,0.8705,"search; -> (10, 15); at -2.30; drawn by gain -12.47; held back by travel +7.20; next best hold_position +1.02; H 0.87; peak traceability 4.0"
F3 illegible-commit,5,32,belief,A_uniform,search,10,15,4,17,0.2695,0.022483,0.8701,"search; -> (10, 15); at -2.13; drawn by gain -11.66; held back by travel +6.60; next best hold_position +0.81; H 0.87; peak traceability 4.0"
F3 illegible-commit,5,33,belief,A_uniform,search,10,15,4,18,0.3185,0.022092,0.8686,"search; -> (10, 15); at -1.04; drawn by gain -9.86; held back by travel +6.00; next best hold_position +0.51; H 0.87; peak traceability 3.2"
F3 illegible-commit,5,34,belief,A_uniform,search,10,15,4,19,0.3704,0.016859,0.8645,"search; -> (10, 15); at -0.27; drawn by gain -8.40; held back by travel +5.40; next best hold_position +0.77; H 0.86; peak traceability 3.1"
F3 illegible-commit,5,35,belief,A_uniform,search,10,15,4,20,0.4246,0.016759,0.8604,"search; -> (10, 15); at +0.27; drawn by gain -7.51; held back by travel +4.80; next best hold_position +1.16; H 0.86; peak traceability 1.0"
F3 illegible-commit,5,37,belief,A_uniform,search,9,17,4,22,0.0158,0.017317,0.8576,"search; -> (9, 17); at -0.91; drawn by gain -12.49; held back by travel +6.00; next best hold_position +1.41; H 0.86; peak traceability 1.1"
F3 illegible-commit,5,38,belief,A_uniform,search,9,17,4,21,0.0197,0.017502,0.8569,"search; -> (9, 17); at -1.21; drawn by gain -12.15; held back by illegibility +5.54; next best hold_position +1.32; H 0.86; peak traceability 1.1"
F3 illegible-commit,6,15,belief,A_uniform,search,9,17,6,21,0.8467,0.0217,0.904,"search; -> (9, 17); at -2.37; drawn by gain -10.94; held back by travel +5.40; next best hold_position +1.10; H 0.90; peak traceability 1.9"
F3 illegible-commit,6,16,belief,A_uniform,search,9,17,6,22,0.8695,0.0189,0.9048,"search; -> (9, 17); at -2.34; drawn by gain -10.39; held back by travel +4.80; next best hold_position +1.01; H 0.90; peak traceability 1.8"
F3 illegible-commit,6,17,belief,A_uniform,search,9,17,6,21,0.8917,0.016954,0.905,"search; -> (9, 17); at -2.39; drawn by gain -9.93; held back by travel +4.20; next best hold_position +1.09; H 0.90; peak traceability 1.8"
F3 illegible-commit,6,19,belief,A_uniform,search,8,16,6,19,0.806,0.013592,0.9061,"search; -> (8, 16); at -1.84; drawn by gain -9.18; held back by illegibility +3.74; next best hold_position +1.11; H 0.91; peak traceability 1.6"
F3 illegible-commit,6,20,belief,A_uniform,search,8,16,6,18,0.8233,0.013228,0.9055,"search; -> (8, 16); at -1.63; drawn by gain -8.40; held back by illegibility +3.76; next best hold_position +0.97; H 0.91; peak traceability 1.6"
F3 illegible-commit,10,28,belief,A_uniform,search,4,17,3,17,0.4706,0.081198,0.8128,"search; -> (4, 17); at -16.04; drawn by gain -23.61; held back by dither +4.00; next best search -15.95; H 0.81; peak traceability 10.6"
F3 illegible-commit,10,29,belief,A_uniform,search,4,17,2,17,0.6131,0.078797,0.8145,"search; -> (4, 17); at -20.49; drawn by gain -23.41; held back by travel +2.40; next best search -7.32; H 0.81; peak traceability 11.5"
F3 illegible-commit,10,30,belief,A_uniform,search,4,17,1,17,0.7555,0.067315,0.8429,"search; -> (4, 17); at -17.71; drawn by gain -20.00; held back by travel +1.80; next best search -4.29; H 0.84; peak traceability 12.4"
F3 illegible-commit,10,31,belief,A_uniform,search,2,17,1,18,0.0922,0.034714,0.8951,"search; -> (2, 17); at -3.36; drawn by gain -10.75; held back by dither +4.00; next best hold_position -2.97; H 0.90; peak traceability 6.1"
F3 illegible-commit,11,10,belief,A_uniform,search,10,15,8,11,0.6119,0.176538,0.6436,"search; -> (10, 15); at -24.90; drawn by gain -32.83; held back by travel +6.00; next best hold_position -20.87; H 0.64; peak traceability 264.6"
F3 illegible-commit,12,26,belief,A_uniform,search,7,5,12,12,0.819,0.021769,0.8802,"search; -> (7, 5); at -4.90; drawn by gain -12.22; held back by illegibility +3.72; next best hold_position +0.95; H 0.88; peak traceability 1.6"
F3 illegible-commit,12,27,belief,A_uniform,search,7,5,12,13,0.8292,0.023568,0.88,"search; -> (7, 5); at -4.12; drawn by gain -10.69; held back by illegibility +3.58; next best hold_position +0.29; H 0.88; peak traceability 1.7"
F3 illegible-commit,16,28,belief,A_uniform,search,8,16,5,9,0.0,0.069056,0.8056,"search; -> (8, 16); at -10.61; drawn by gain -14.06; held back by travel +3.00; next best search -8.28; H 0.81; peak traceability 13.2"
F3 illegible-commit,16,29,belief,A_uniform,search,8,16,4,9,0.0,0.065303,0.798,"search; -> (8, 16); at -9.58; drawn by gain -12.42; held back by travel +2.40; next best search -4.14; H 0.80; peak traceability 13.7"
F3 illegible-commit,16,30,belief,A_uniform,search,8,16,4,10,0.0,0.052534,0.7969,"search; -> (8, 16); at -7.78; drawn by gain -10.04; held back by travel +1.80; next best search -3.05; H 0.80; peak traceability 13.0"
F3 illegible-commit,16,31,belief,A_uniform,search,3,21,4,9,0.0,0.040951,0.8069,"search; -> (3, 21); at -11.12; drawn by gain -25.46; held back by travel +8.40; next best hold_position -0.69; H 0.81; peak traceability 3.1"
F3 illegible-commit,16,32,belief,A_uniform,search,3,21,4,8,0.0,0.042877,0.7975,"search; -> (3, 21); at -17.01; drawn by gain -26.75; held back by travel +7.80; next best search -10.99; H 0.80; peak traceability 3.1"
F3 illegible-commit,16,33,belief,A_uniform,search,3,21,3,8,0.0,0.044688,0.7883,"search; -> (3, 21); at -18.85; drawn by gain -28.01; held back by travel +7.20; next best search -12.72; H 0.79; peak traceability 3.1"
F3 illegible-commit,16,34,belief,A_uniform,search,3,21,4,8,0.0,0.045822,0.7805,"search; -> (3, 21); at -20.27; drawn by gain -28.88; held back by travel +6.60; next best search -13.37; H 0.78; peak traceability 3.0"
F3 illegible-commit,16,35,belief,A_uniform,search,3,21,4,7,0.0,0.048053,0.7633,"search; -> (3, 21); at -22.39; drawn by gain -30.50; held back by travel +6.00; next best search -14.48; H 0.76; peak traceability 2.8"
F3 illegible-commit,16,36,belief,A_uniform,search,3,21,4,8,0.0,0.048485,0.7564,"search; -> (3, 21); at -23.17; drawn by gain -30.71; held back by travel +5.40; next best search -7.77; H 0.76; peak traceability 2.8"
F3 illegible-commit,16,37,belief,A_uniform,search,3,21,4,7,0.0,0.053953,0.7619,"search; -> (3, 21); at -22.78; drawn by gain -29.62; held back by travel +4.80; next best hold_position -0.95; H 0.76; peak traceability 2.9"
F3 illegible-commit,16,38,belief,A_uniform,search,2,21,4,6,0.0,0.065827,0.7935,"search; -> (2, 21); at -13.95; drawn by gain -24.31; held back by travel +4.80; next best hold_position -4.38; H 0.79; peak traceability 3.8"
F3 illegible-commit,16,39,belief,A_uniform,search,2,22,3,6,0.0,0.069856,0.8319,"search; -> (2, 22); at -6.47; drawn by gain -16.38; held back by travel +4.80; next best hold_position -4.86; H 0.83; peak traceability 5.4"
F3 illegible-commit,17,19,belief,A_uniform,search,7,2,9,10,0.1738,0.043147,0.8008,"search; -> (7, 2); at -14.86; drawn by gain -27.24; held back by travel +10.80; next best search -8.00; H 0.80; peak traceability 3.8"
F3 illegible-commit,17,20,belief,A_uniform,search,5,4,10,10,0.0025,0.046222,0.7996,"search; -> (5, 4); at -6.75; drawn by gain -22.28; held back by travel +7.80; next best hold_position -4.20; H 0.80; peak traceability 6995.5"
F3 illegible-commit,17,40,belief,A_uniform,search,6,17,11,21,0.0545,0.081489,0.7498,"search; -> (6, 17); at -15.24; drawn by gain -18.24; held back by travel +3.00; next best search -12.96; H 0.75; peak traceability 1227.4"
F3 illegible-commit,17,41,belief,A_uniform,search,6,17,11,22,0.0847,0.082629,0.7556,"search; -> (6, 17); at -16.47; drawn by gain -18.88; held back by travel +2.40; next best search -10.84; H 0.76; peak traceability 1317.1"
F3 illegible-commit,17,42,belief,A_uniform,search,6,18,10,22,0.0287,0.079474,0.7968,"search; -> (6, 18); at -8.72; drawn by gain -15.12; held back by dither +4.00; next best search -6.51; H 0.80; peak traceability 834.2"
F3 illegible-commit,17,43,belief,A_uniform,search,6,18,9,22,0.0441,0.067436,0.8099,"search; -> (6, 18); at -10.76; drawn by gain -12.57; held back by travel +1.80; next best search -5.45; H 0.81; peak traceability 789.8"
F3 illegible-commit,17,45,belief,A_uniform,search,11,21,8,21,0.3179,0.132546,0.6726,"search; -> (11, 21); at -23.45; drawn by gain -29.70; held back by travel +6.00; next best search -12.39; H 0.67; peak traceability 23.3"
F3 illegible-commit,17,46,belief,A_uniform,search,11,21,8,20,0.4213,0.115701,0.6909,"search; -> (11, 21); at -23.44; drawn by gain -29.12; held back by travel +5.40; next best search -10.78; H 0.69; peak traceability 20.8"
F3 illegible-commit,19,10,belief,A_uniform,search,10,10,10,10,0.3629,0.244819,0.5223,"search; -> (10, 10); at -32.96; drawn by gain -37.86; held back by travel +4.80; next best hold_position -20.61; H 0.52; peak traceability 58.9"
F3 illegible-commit,19,11,belief,A_uniform,search,10,11,10,11,0.0685,0.228069,0.6112,"search; -> (10, 11); at -25.71; drawn by gain -34.65; held back by travel +4.80; next best hold_position -17.99; H 0.61; peak traceability 44.6"
F3 illegible-commit,19,12,belief,A_uniform,search,10,12,10,12,0.0123,0.155262,0.7621,"search; -> (10, 12); at -17.76; drawn by gain -26.78; held back by travel +4.80; next best hold_position -12.83; H 0.76; peak traceability 27.6"
F3 illegible-commit,19,18,belief,A_uniform,search,10,16,10,16,0.5652,0.312232,0.4478,"search; -> (10, 16); at -28.65; drawn by gain -37.60; held back by travel +4.80; next best search -25.69; H 0.45; peak traceability 41.2"
F3 illegible-commit,19,20,belief,A_uniform,search,9,16,8,16,0.2364,0.195329,0.636,"search; -> (9, 16); at -22.08; drawn by gain -30.50; held back by travel +4.20; next best search -17.52; H 0.64; peak traceability 27.1"
F3 illegible-commit,19,21,belief,A_uniform,search,9,16,7,16,0.4196,0.175807,0.6606,"search; -> (9, 16); at -25.65; drawn by gain -29.47; held back by travel +3.60; next best search -18.44; H 0.66; peak traceability 26.5"
F3 illegible-commit,19,22,belief,A_uniform,search,9,16,6,16,0.615,0.151487,0.6839,"search; -> (9, 16); at -24.83; drawn by gain -28.07; held back by travel +3.00; next best search -17.75; H 0.68; peak traceability 24.4"
F3 illegible-commit,19,23,belief,A_uniform,search,8,16,6,15,0.1425,0.136916,0.7315,"search; -> (8, 16); at -18.40; drawn by gain -25.79; held back by dither +4.00; next best search -15.11; H 0.73; peak traceability 15.5"
F3 illegible-commit,19,24,belief,A_uniform,search,8,16,5,15,0.2068,0.137146,0.7883,"search; -> (8, 16); at -18.24; drawn by gain -20.99; held back by travel +2.40; next best search -11.90; H 0.79; peak traceability 17.4"
F3 illegible-commit,19,25,belief,A_uniform,search,8,16,5,14,0.2764,0.115958,0.8265,"search; -> (8, 16); at -14.38; drawn by gain -16.51; held back by travel +1.80; next best search -9.34; H 0.83; peak traceability 18.5"
F3 illegible-commit,19,26,belief,A_uniform,search,6,15,5,15,0.044,0.099453,0.7063,"search; -> (6, 15); at -21.41; drawn by gain -29.00; held back by dither +4.00; next best search -17.21; H 0.71; peak traceability 10.1"
F3 illegible-commit,19,27,belief,A_uniform,search,6,15,6,15,0.0659,0.084892,0.7307,"search; -> (6, 15); at -24.62; drawn by gain -27.57; held back by travel +2.40; next best search -16.82; H 0.73; peak traceability 10.9"
F3 illegible-commit,21,9,belief,A_uniform,search,10,15,9,17,0.4116,0.354102,0.3923,"search; -> (10, 15); at -26.69; drawn by gain -37.69; held back by travel +4.20; next best search -23.68; H 0.39; peak traceability 248.3"
F3 illegible-commit,21,33,belief,A_uniform,search,12,6,12,6,0.8054,0.219395,0.4007,"search; -> (12, 6); at -30.95; drawn by gain -39.96; held back by travel +4.80; next best search -27.99; H 0.40; peak traceability 28.0"
F3 illegible-commit,21,35,belief,A_uniform,search,11,6,10,6,0.3607,0.24814,0.4466,"search; -> (11, 6); at -27.04; drawn by gain -35.41; held back by travel +4.20; next best search -21.09; H 0.45; peak traceability 34.7"
F3 illegible-commit,21,36,belief,A_uniform,search,11,6,10,5,0.6669,0.268172,0.4049,"search; -> (11, 6); at -35.23; drawn by gain -38.97; held back by travel +3.60; next best search -19.85; H 0.40; peak traceability 40.9"
F3 illegible-commit,21,46,belief,A_uniform,search,8,1,6,3,0.1225,0.150773,0.5544,"search; -> (8, 1); at -27.21; drawn by gain -32.93; held back by travel +5.40; next best hold_position -11.31; H 0.55; peak traceability 18.4"
F3 illegible-commit,21,47,belief,A_uniform,search,8,1,6,4,0.2027,0.176635,0.5107,"search; -> (8, 1); at -32.98; drawn by gain -38.03; held back by travel +4.80; next best search -5.29; H 0.51; peak traceability 24.3"
F3 illegible-commit,21,48,belief,A_uniform,search,8,2,5,4,0.4026,0.156105,0.5018,"search; -> (8, 2); at -31.36; drawn by gain -39.33; held back by dither +4.00; next best search -6.91; H 0.50; peak traceability 16.3"
F3 illegible-commit,21,49,belief,A_uniform,search,8,2,4,4,0.4817,0.151171,0.5053,"search; -> (8, 2); at -36.15; drawn by gain -39.53; held back by travel +3.00; next best search -7.31; H 0.51; peak traceability 15.9"
F3 illegible-commit,21,50,belief,A_uniform,search,8,2,4,5,0.5576,0.140448,0.5074,"search; -> (8, 2); at -36.73; drawn by gain -39.52; held back by travel +2.40; next best search -7.24; H 0.51; peak traceability 15.5"
F3 illegible-commit,21,51,belief,A_uniform,search,8,2,4,6,0.6299,0.141134,0.5196,"search; -> (8, 2); at -37.23; drawn by gain -39.37; held back by travel +1.80; next best search -13.64; H 0.52; peak traceability 17.6"
F3 illegible-commit,21,52,belief,A_uniform,search,8,4,4,7,0.049,0.131725,0.582,"search; -> (8, 4); at -31.11; drawn by gain -37.95; held back by dither +4.00; next best hold_position -17.58; H 0.58; peak traceability 13.6"
F3 illegible-commit,21,53,belief,A_uniform,search,8,4,4,8,0.0611,0.213665,0.582,"search; -> (8, 4); at -33.22; drawn by gain -35.24; held back by travel +1.80; next best search -17.71; H 0.58; peak traceability 27.3"
F3 illegible-commit,21,57,belief,A_uniform,search,9,13,5,9,0.0,0.020535,0.8621,"search; -> (9, 13); at +0.76; drawn by gain -14.92; held back by travel +12.00; next best hold_position +1.06; H 0.86; peak traceability 1.6"
F3 illegible-commit,21,58,belief,A_uniform,search,9,13,4,9,0.0,0.020538,0.8603,"search; -> (9, 13); at +0.10; drawn by gain -15.00; held back by travel +11.40; next best hold_position +1.23; H 0.86; peak traceability 1.6"
F3 illegible-commit,21,59,belief,A_uniform,search,9,13,3,9,0.0,0.020418,0.8607,"search; -> (9, 13); at -0.47; drawn by gain -14.99; held back by travel +10.80; next best hold_position +1.43; H 0.86; peak traceability 1.6"
F3 illegible-commit,21,60,belief,A_uniform,search,9,13,2,9,0.0,0.020908,0.8589,"search; -> (9, 13); at -1.46; drawn by gain -15.42; held back by travel +10.20; next best hold_position +0.93; H 0.86; peak traceability 1.6"
F3 illegible-commit,21,61,belief,A_uniform,search,9,13,3,9,0.0,0.023915,0.8446,"search; -> (9, 13); at -4.21; drawn by gain -17.72; held back by travel +9.60; next best hold_position +0.08; H 0.84; peak traceability 1.5"
F3 illegible-commit,21,62,belief,A_uniform,search,9,13,4,9,0.0,0.025503,0.8286,"search; -> (9, 13); at -5.97; drawn by gain -18.99; held back by travel +9.00; next best hold_position +0.76; H 0.83; peak traceability 1.5"
F3 illegible-commit,21,63,belief,A_uniform,search,6,9,5,9,0.0,0.088373,0.6795,"search; -> (6, 9); at -26.68; drawn by gain -36.66; held back by travel +4.20; next best search -8.64; H 0.68; peak traceability 3.4"
F3 illegible-commit,21,64,belief,A_uniform,search,6,9,6,9,0.0,0.088331,0.6904,"search; -> (6, 9); at -30.61; drawn by gain -35.92; held back by travel +3.60; next best hold_position -2.63; H 0.69; peak traceability 3.5"
F3 illegible-commit,21,65,belief,A_uniform,search,7,9,7,9,0.0,0.09016,0.6883,"search; -> (7, 9); at -26.01; drawn by gain -35.66; held back by dither +4.00; next best hold_position -2.98; H 0.69; peak traceability 2.9"
F3 illegible-commit,21,66,belief,A_uniform,search,7,8,8,9,0.0,0.078261,0.7064,"search; -> (7, 8); at -25.06; drawn by gain -33.46; held back by dither +4.00; next best hold_position -6.54; H 0.71; peak traceability 3.0"
F3 illegible-commit,21,70,belief,A_uniform,search,10,10,10,9,0.0001,0.249607,0.4594,"search; -> (10, 10); at -34.12; drawn by gain -39.43; held back by travel +4.80; next best hold_position -21.33; H 0.46; peak traceability 11.8"
F3 illegible-commit,21,71,belief,A_uniform,search,10,10,10,10,0.0251,0.356889,0.3087,"search; -> (10, 10); at -35.60; drawn by gain -39.95; held back by travel +4.20; next best hold_position -23.69; H 0.31; peak traceability 40.4"
F3 illegible-commit,21,72,belief,A_uniform,search,10,11,10,11,0.3925,0.426129,0.2836,"search; -> (10, 11); at -31.62; drawn by gain -39.99; held back by travel +4.20; next best hold_position -31.36; H 0.28; peak traceability 35.4"
F3 illegible-commit,21,73,belief,A_uniform,search,10,11,10,12,0.5658,0.289775,0.3851,"search; -> (10, 11); at -36.31; drawn by gain -39.96; held back by travel +3.60; next best hold_position -36.08; H 0.39; peak traceability 113.9"
F3 illegible-commit,21,75,belief,A_uniform,search,10,14,10,14,0.1365,0.276873,0.396,"search; -> (10, 14); at -34.34; drawn by gain -39.96; held back by travel +4.80; next best search -32.15; H 0.40; peak traceability 7.3"
F3 illegible-commit,21,76,belief,A_uniform,search,10,15,10,15,0.0317,0.229259,0.4337,"search; -> (10, 15); at -30.08; drawn by gain -39.52; held back by travel +4.80; next best hold_position -25.50; H 0.43; peak traceability 9.5"
F3 illegible-commit,21,77,belief,A_uniform,search,10,16,10,16,0.0051,0.246326,0.4808,"search; -> (10, 16); at -28.50; drawn by gain -37.90; held back by travel +4.80; next best search -26.18; H 0.48; peak traceability 10.0"
F3 illegible-commit,21,78,belief,A_uniform,search,10,16,9,16,0.0152,0.158674,0.5386,"search; -> (10, 16); at -24.82; drawn by gain -37.03; held back by redundancy +7.68; next best search -20.36; H 0.54; peak traceability 18.0"
F3 illegible-commit,21,79,belief,A_uniform,search,9,16,10,16,0.1617,0.399833,0.3141,"search; -> (9, 16); at -31.01; drawn by gain -39.42; held back by travel +4.20; next best search -23.38; H 0.31; peak traceability 27.5"
F3 illegible-commit,24,20,belief,A_uniform,search,10,14,10,14,0.3339,0.191597,0.4808,"search; -> (10, 14); at -30.99; drawn by gain -39.97; held back by travel +4.80; next best search -29.67; H 0.48; peak traceability 33.7"
F3 illegible-commit,24,21,belief,A_uniform,search,10,15,10,15,0.0865,0.169497,0.5009,"search; -> (10, 15); at -30.39; drawn by gain -39.35; held back by travel +4.80; next best hold_position -29.14; H 0.50; peak traceability 37.4"
F3 illegible-commit,24,22,belief,A_uniform,search,10,16,10,16,0.0147,0.20033,0.5258,"search; -> (10, 16); at -28.14; drawn by gain -37.17; held back by travel +4.80; next best search -26.51; H 0.53; peak traceability 26.1"
F3 illegible-commit,24,23,belief,A_uniform,search,10,16,10,17,0.0379,0.14638,0.5528,"search; -> (10, 16); at -25.54; drawn by gain -37.55; held back by redundancy +7.68; next best search -21.71; H 0.55; peak traceability 43.1"
F3 illegible-commit,24,24,belief,A_uniform,search,9,16,9,17,0.007,0.223696,0.5337,"search; -> (9, 16); at -25.00; drawn by gain -33.39; held back by travel +4.20; next best search -20.24; H 0.53; peak traceability 31.0"
F3 illegible-commit,24,25,belief,A_uniform,search,9,16,9,18,0.015,0.231249,0.4994,"search; -> (9, 16); at -32.78; drawn by gain -36.55; held back by travel +3.60; next best search -25.58; H 0.50; peak traceability 34.8"
F3 illegible-commit,24,26,belief,A_uniform,search,9,16,9,19,0.0269,0.211653,0.4959,"search; -> (9, 16); at -33.67; drawn by gain -36.85; held back by travel +3.00; next best search -26.44; H 0.50; peak traceability 33.9"
F3 illegible-commit,24,27,belief,A_uniform,search,8,16,9,20,0.0057,0.208707,0.5207,"search; -> (8, 16); at -28.89; drawn by gain -36.15; held back by dither +4.00; next best search -25.36; H 0.52; peak traceability 23.5"
F3 illegible-commit,24,28,belief,A_uniform,search,8,16,10,20,0.0097,0.248949,0.5585,"search; -> (8, 16); at -31.23; drawn by gain -33.82; held back by travel +2.40; next best search -24.46; H 0.56; peak traceability 31.4"
F3 illegible-commit,24,29,belief,A_uniform,search,8,16,11,20,0.0152,0.251516,0.599,"search; -> (8, 16); at -28.75; drawn by gain -30.70; held back by travel +1.80; next best search -23.49; H 0.60; peak traceability 39.9"
F3 illegible-commit,24,31,belief,A_uniform,search,6,15,12,19,0.0001,0.038252,0.8772,"search; -> (6, 15); at -8.96; drawn by gain -13.34; held back by travel +3.00; next best search -8.20; H 0.88; peak traceability 4.3"
F3 illegible-commit,24,32,belief,A_uniform,search,6,17,12,18,0.0003,0.032997,0.8756,"search; -> (6, 17); at -3.75; drawn by gain -11.29; held back by dither +4.00; next best search -1.50; H 0.88; peak traceability 3.5"
F3 illegible-commit,24,34,belief,A_uniform,search,6,18,12,16,0.0002,0.023647,0.8768,"search; -> (6, 18); at -3.00; drawn by gain -7.42; held back by travel +2.40; next best search -0.54; H 0.88; peak traceability 2.2"
F3 illegible-commit,24,35,belief,A_uniform,search,6,18,12,15,0.0003,0.023152,0.8761,"search; -> (6, 18); at -2.12; drawn by gain -6.12; held back by illegibility +2.20; next best hold_position +0.24; H 0.88; peak traceability 2.2"
F3 illegible-commit,29,26,belief,A_uniform,search,12,19,12,6,0.7763,0.029649,0.8554,"search; -> (12, 19); at -0.45; drawn by gain -11.13; held back by travel +6.60; next best search -0.25; H 0.86; peak traceability 2.2"
F3 illegible-commit,29,27,belief,A_uniform,search,12,19,11,6,0.7946,0.028724,0.8551,"search; -> (12, 19); at -1.05; drawn by gain -11.08; held back by travel +6.00; next best hold_position +1.33; H 0.86; peak traceability 2.2"
F3 illegible-commit,29,28,belief,A_uniform,search,12,19,12,6,0.813,0.026934,0.8512,"search; -> (12, 19); at -1.07; drawn by gain -10.41; held back by travel +5.40; next best hold_position +1.02; H 0.85; peak traceability 2.2"
F3 illegible-commit,29,29,belief,A_uniform,search,12,19,11,6,0.8314,0.025815,0.8513,"search; -> (12, 19); at -1.25; drawn by gain -9.95; held back by travel +4.80; next best hold_position +1.38; H 0.85; peak traceability 2.2"
F3 illegible-commit,29,30,belief,A_uniform,search,12,19,10,6,0.8498,0.024547,0.8513,"search; -> (12, 19); at -1.49; drawn by gain -9.55; held back by travel +4.20; next best hold_position +1.32; H 0.85; peak traceability 2.1"
F3 illegible-commit,29,31,belief,A_uniform,search,12,19,10,5,0.8681,0.024057,0.8515,"search; -> (12, 19); at -1.41; drawn by gain -8.81; held back by illegibility +3.80; next best hold_position +1.13; H 0.85; peak traceability 2.2"
F3 illegible-commit,29,32,belief,A_uniform,search,12,19,10,4,0.8864,0.020817,0.8508,"search; -> (12, 19); at -0.07; drawn by gain -6.74; held back by illegibility +3.67; next best hold_position +1.01; H 0.85; peak traceability 1.9"
F3 illegible-commit,37,11,belief,A_uniform,search,10,10,10,11,0.1116,0.105419,0.7291,"search; -> (10, 10); at -26.31; drawn by gain -31.30; held back by travel +4.80; next best hold_position -24.02; H 0.73; peak traceability 31.2"
F3 illegible-commit,37,16,belief,A_uniform,search,10,14,10,14,0.7304,0.20456,0.4493,"search; -> (10, 14); at -30.71; drawn by gain -39.69; held back by travel +4.80; next best search -29.64; H 0.45; peak traceability 33.8"
F3 illegible-commit,37,17,belief,A_uniform,search,10,15,10,15,0.1793,0.168389,0.5183,"search; -> (10, 15); at -29.29; drawn by gain -38.25; held back by travel +4.80; next best hold_position -27.77; H 0.52; peak traceability 36.0"
F3 illegible-commit,37,18,belief,A_uniform,search,10,16,10,16,0.0294,0.170572,0.647,"search; -> (10, 16); at -23.76; drawn by gain -32.83; held back by travel +4.80; next best search -21.30; H 0.65; peak traceability 22.0"
F3 illegible-commit,37,19,belief,A_uniform,search,10,16,9,16,0.0826,0.085183,0.8118,"search; -> (10, 16); at -11.94; drawn by gain -24.06; held back by redundancy +7.68; next best hold_position -11.70; H 0.81; peak traceability 25.0"
F3 illegible-commit,37,20,belief,A_uniform,search,9,16,10,16,0.547,0.376644,0.3802,"search; -> (9, 16); at -29.45; drawn by gain -37.77; held back by travel +4.20; next best search -21.67; H 0.38; peak traceability 52.1"
F3 illegible-commit,37,24,belief,A_uniform,search,8,16,6,16,0.8365,0.257773,0.5858,"search; -> (8, 16); at -25.45; drawn by gain -32.04; held back by dither +4.00; next best search -23.28; H 0.59; peak traceability 32.5"
F3 illegible-commit,39,20,belief,A_uniform,search,12,19,12,13,0.8875,0.015911,0.915,"search; -> (12, 19); at +0.78; drawn by gain -3.66; held back by travel +2.40; next best hold_position +1.05; H 0.92; peak traceability 2.5"
F5 premature-stand-down,12,29,belief,A_uniform,resume_post,12,20,12,15,0.4222,0.016141,0.8721,"resume_post; -> (12, 20); at +0.00; next best hold_position +0.83; H 0.87; peak traceability 1.0"
